round,submission_id,official_application_id,applicant,location,status,outcome,item_e2_string_count,source_url
2000,2000-001,,"Name.Space, Incorporated",United States,completed,not-selected,118,https://archive.icann.org/en/tlds/tld-applications-lodged-02oct00.htm
2000,2000-002,,Rathbawn Computers Limited,United States / Australia,completed,not-selected,7,https://archive.icann.org/en/tlds/tld-applications-lodged-02oct00.htm
2000,2000-003,,Société Internationale de Télécommunications Aéronautiques (SITA),Belgium / Switzerland,completed,selected,1,https://archive.icann.org/en/tlds/tld-applications-lodged-02oct00.htm
2000,2000-004,,"JVTeam, LLC",United States,completed,selected,1,https://archive.icann.org/en/tlds/tld-applications-lodged-02oct00.htm
2000,2000-005,,"Abacus America, Inc.",United States,completed,not-selected,5,https://archive.icann.org/en/tlds/tld-applications-lodged-02oct00.htm
2000,2000-006,,"Affinity Internet, Inc. / biz Regulatory and Advisory Council (bizTRAC)",United States,completed,not-selected,5,https://archive.icann.org/en/tlds/tld-applications-lodged-02oct00.htm
2000,2000-007,,"iDomains, Inc.",United States,completed,not-selected,3,https://archive.icann.org/en/tlds/tld-applications-lodged-02oct00.htm
2000,2000-008,,"KDD Internet Solutions Co., Ltd.",Japan,completed,not-selected,2,https://archive.icann.org/en/tlds/tld-applications-lodged-02oct00.htm
2000,2000-009,,Diebold Incorporated,United States,completed,not-selected,3,https://archive.icann.org/en/tlds/tld-applications-lodged-02oct00.htm
2000,2000-010,,Cooperative League of the USA dba National Cooperative Business Association,United States,completed,selected,2,https://archive.icann.org/en/tlds/tld-applications-lodged-02oct00.htm
2000,2000-011,,"Novell, Inc.",United States,completed,not-selected,1,https://archive.icann.org/en/tlds/tld-applications-lodged-02oct00.htm
2000,2000-012,,"NeuStar, Inc.",United States,completed,not-selected,6,https://archive.icann.org/en/tlds/tld-applications-lodged-02oct00.htm
2000,2000-013,,"Dubai Technology, Electronic Commerce and Media Free Zone Authority",United Arab Emirates,completed,not-selected,2,https://archive.icann.org/en/tlds/tld-applications-lodged-02oct00.htm
2000,2000-014,,"Internet Events International, Inc.",United States,completed,not-selected,1,https://archive.icann.org/en/tlds/tld-applications-lodged-02oct00.htm
2000,2000-015,,Association Monegasque des Banques,Monaco,completed,not-selected,1,https://archive.icann.org/en/tlds/tld-applications-lodged-02oct00.htm
2000,2000-016,,"Monsoon Assets Limited (BVI) dba dotYP, Inc.",United States,completed,not-selected,4,https://archive.icann.org/en/tlds/tld-applications-lodged-02oct00.htm
2000,2000-017,,Eastern Communications Company Limited,China,completed,not-selected,9,https://archive.icann.org/en/tlds/tld-applications-lodged-02oct00.htm
2000,2000-018,,SRI International,United States,completed,not-selected,1,https://archive.icann.org/en/tlds/tld-applications-lodged-02oct00.htm
2000,2000-019,,World Health Organization,Switzerland,completed,not-selected,1,https://archive.icann.org/en/tlds/tld-applications-lodged-02oct00.htm
2000,2000-020,,"Sarnoff Corporation / Atomic Tangerine, Inc. / NextDNS, Inc.",United States,completed,not-selected,1,https://archive.icann.org/en/tlds/tld-applications-lodged-02oct00.htm
2000,2000-021,,"Afilias, LLC",United States,completed,selected,3,https://archive.icann.org/en/tlds/tld-applications-lodged-02oct00.htm
2000,2000-022,,"The Global Name Registry, Limited",United Kingdom,completed,selected,5,https://archive.icann.org/en/tlds/tld-applications-lodged-02oct00.htm
2000,2000-023,,"Blueberry Hill Communications, Inc.",United States,completed,not-selected,1,https://archive.icann.org/en/tlds/tld-applications-lodged-02oct00.htm
2000,2000-024,,"DotKids, Inc.",United States,completed,not-selected,1,https://archive.icann.org/en/tlds/tld-applications-lodged-02oct00.htm
2000,2000-025,,"ICM Registry, Inc.",Canada,completed,not-selected,2,https://archive.icann.org/en/tlds/tld-applications-lodged-02oct00.htm
2000,2000-026,,".KIDS Domains, Inc.",United States,completed,not-selected,1,https://archive.icann.org/en/tlds/tld-applications-lodged-02oct00.htm
2000,2000-027,,"dotlaw, Inc.",United States,completed,not-selected,1,https://archive.icann.org/en/tlds/tld-applications-lodged-02oct00.htm
2000,2000-028,,"Commercial Connect, LLC",United States,completed,not-selected,3,https://archive.icann.org/en/tlds/tld-applications-lodged-02oct00.htm
2000,2000-029,,Nokia Corporation,Finland,completed,not-selected,8,https://archive.icann.org/en/tlds/tld-applications-lodged-02oct00.htm
2000,2000-030,,Museum Domain Management Association,Sweden / United States,completed,selected,5,https://archive.icann.org/en/tlds/tld-applications-lodged-02oct00.htm
2000,2000-031,,CORE Internet Council of Registrars,Switzerland,completed,not-selected,1,https://archive.icann.org/en/tlds/tld-applications-lodged-02oct00.htm
2000,2000-032,,The dotNOM Consortium,International consortium,completed,not-selected,1,https://archive.icann.org/en/tlds/tld-applications-lodged-02oct00.htm
2000,2000-033,,De Breed Holding B.V.,Netherlands,returned-unpaid,returned,3,https://archive.icann.org/en/tlds/tld-applications-lodged-02oct00.htm
2000,2000-034,,"WorldNames, Inc.",United States,withdrawn,withdrawn,1,https://archive.icann.org/en/tlds/tld-applications-lodged-02oct00.htm
2000,2000-035,,"Group One Registry, Inc.",United States,completed,not-selected,1,https://archive.icann.org/en/tlds/tld-applications-lodged-02oct00.htm
2000,2000-036,,"JVTeam, LLC",United States,completed,not-selected,1,https://archive.icann.org/en/tlds/tld-applications-lodged-02oct00.htm
2000,2000-037,,DADA Spa,Italy,completed,not-selected,1,https://archive.icann.org/en/tlds/tld-applications-lodged-02oct00.htm
2000,2000-038,,Universal Postal Union,Switzerland,completed,not-selected,1,https://archive.icann.org/en/tlds/tld-applications-lodged-02oct00.htm
2000,2000-039,,The dotPRO Consortium,International consortium,completed,not-selected,1,https://archive.icann.org/en/tlds/tld-applications-lodged-02oct00.htm
2000,2000-040,,"RegistryPro, Ltd.",Ireland,completed,selected,1,https://archive.icann.org/en/tlds/tld-applications-lodged-02oct00.htm
2000,2000-041,,Jeff Pulver / David P. Peek / Glenn W. Marschel,United States,completed,not-selected,1,https://archive.icann.org/en/tlds/tld-applications-lodged-02oct00.htm
2000,2000-042,,Number.tel LLC,United States,completed,not-selected,1,https://archive.icann.org/en/tlds/tld-applications-lodged-02oct00.htm
2000,2000-043,,Telnic Limited,United Kingdom,completed,not-selected,1,https://archive.icann.org/en/tlds/tld-applications-lodged-02oct00.htm
2000,2000-044,,International Air Transport Association,Switzerland,completed,not-selected,1,https://archive.icann.org/en/tlds/tld-applications-lodged-02oct00.htm
2000,2000-045,,International Confederation of Free Trade Unions (ICFTU),Belgium,completed,not-selected,1,https://archive.icann.org/en/tlds/tld-applications-lodged-02oct00.htm
2000,2000-046,,"dotWAP Domain Registry (DDR), Inc.",United States,returned-unpaid,returned,1,https://archive.icann.org/en/tlds/tld-applications-lodged-02oct00.htm
2000,2000-047,,"Image Online Design, Inc. dba Web Registry",United States,completed,not-selected,1,https://archive.icann.org/en/tlds/tld-applications-lodged-02oct00.htm
