round,submission_id,string,relation_type,source_url,outcome,outcome_reason,outcome_case_id,outcome_source_url,contention,contention_case_id,controversy,controversy_case_id
2000,2000-001,.ads,item-e2-requested,https://archive.icann.org/en/tlds/tld-applications-lodged-02oct00.htm,not-selected,not-selected-in-proof-of-concept-round,,https://www.icann.org/en/announcements/details/icann-announces-selections-for-new-top-level-domains-16-11-2000-en,,,no,
2000,2000-001,.agency,item-e2-requested,https://archive.icann.org/en/tlds/tld-applications-lodged-02oct00.htm,not-selected,not-selected-in-proof-of-concept-round,,https://www.icann.org/en/announcements/details/icann-announces-selections-for-new-top-level-domains-16-11-2000-en,,,no,
2000,2000-001,.aids,item-e2-requested,https://archive.icann.org/en/tlds/tld-applications-lodged-02oct00.htm,not-selected,not-selected-in-proof-of-concept-round,,https://www.icann.org/en/announcements/details/icann-announces-selections-for-new-top-level-domains-16-11-2000-en,,,no,
2000,2000-001,.air,item-e2-requested,https://archive.icann.org/en/tlds/tld-applications-lodged-02oct00.htm,not-selected,not-selected-in-proof-of-concept-round,,https://www.icann.org/en/announcements/details/icann-announces-selections-for-new-top-level-domains-16-11-2000-en,,,no,
2000,2000-001,.antiques,item-e2-requested,https://archive.icann.org/en/tlds/tld-applications-lodged-02oct00.htm,not-selected,not-selected-in-proof-of-concept-round,,https://www.icann.org/en/announcements/details/icann-announces-selections-for-new-top-level-domains-16-11-2000-en,,,no,
2000,2000-001,.art,item-e2-requested,https://archive.icann.org/en/tlds/tld-applications-lodged-02oct00.htm,not-selected,not-selected-in-proof-of-concept-round,,https://www.icann.org/en/announcements/details/icann-announces-selections-for-new-top-level-domains-16-11-2000-en,,,no,
2000,2000-001,.artists,item-e2-requested,https://archive.icann.org/en/tlds/tld-applications-lodged-02oct00.htm,not-selected,not-selected-in-proof-of-concept-round,,https://www.icann.org/en/announcements/details/icann-announces-selections-for-new-top-level-domains-16-11-2000-en,,,no,
2000,2000-001,.auction,item-e2-requested,https://archive.icann.org/en/tlds/tld-applications-lodged-02oct00.htm,not-selected,not-selected-in-proof-of-concept-round,,https://www.icann.org/en/announcements/details/icann-announces-selections-for-new-top-level-domains-16-11-2000-en,,,no,
2000,2000-001,.audio,item-e2-requested,https://archive.icann.org/en/tlds/tld-applications-lodged-02oct00.htm,not-selected,not-selected-in-proof-of-concept-round,,https://www.icann.org/en/announcements/details/icann-announces-selections-for-new-top-level-domains-16-11-2000-en,,,no,
2000,2000-001,.bbs,item-e2-requested,https://archive.icann.org/en/tlds/tld-applications-lodged-02oct00.htm,not-selected,not-selected-in-proof-of-concept-round,,https://www.icann.org/en/announcements/details/icann-announces-selections-for-new-top-level-domains-16-11-2000-en,,,no,
2000,2000-001,.books,item-e2-requested,https://archive.icann.org/en/tlds/tld-applications-lodged-02oct00.htm,not-selected,not-selected-in-proof-of-concept-round,,https://www.icann.org/en/announcements/details/icann-announces-selections-for-new-top-level-domains-16-11-2000-en,,,no,
2000,2000-001,.cafe,item-e2-requested,https://archive.icann.org/en/tlds/tld-applications-lodged-02oct00.htm,not-selected,not-selected-in-proof-of-concept-round,,https://www.icann.org/en/announcements/details/icann-announces-selections-for-new-top-level-domains-16-11-2000-en,,,no,
2000,2000-001,.cam,item-e2-requested,https://archive.icann.org/en/tlds/tld-applications-lodged-02oct00.htm,not-selected,not-selected-in-proof-of-concept-round,,https://www.icann.org/en/announcements/details/icann-announces-selections-for-new-top-level-domains-16-11-2000-en,,,no,
2000,2000-001,.card,item-e2-requested,https://archive.icann.org/en/tlds/tld-applications-lodged-02oct00.htm,not-selected,not-selected-in-proof-of-concept-round,,https://www.icann.org/en/announcements/details/icann-announces-selections-for-new-top-level-domains-16-11-2000-en,,,no,
2000,2000-001,.cars,item-e2-requested,https://archive.icann.org/en/tlds/tld-applications-lodged-02oct00.htm,not-selected,not-selected-in-proof-of-concept-round,,https://www.icann.org/en/announcements/details/icann-announces-selections-for-new-top-level-domains-16-11-2000-en,,,no,
2000,2000-001,.center,item-e2-requested,https://archive.icann.org/en/tlds/tld-applications-lodged-02oct00.htm,not-selected,not-selected-in-proof-of-concept-round,,https://www.icann.org/en/announcements/details/icann-announces-selections-for-new-top-level-domains-16-11-2000-en,,,no,
2000,2000-001,.city,item-e2-requested,https://archive.icann.org/en/tlds/tld-applications-lodged-02oct00.htm,not-selected,not-selected-in-proof-of-concept-round,,https://www.icann.org/en/announcements/details/icann-announces-selections-for-new-top-level-domains-16-11-2000-en,,,no,
2000,2000-001,.channel,item-e2-requested,https://archive.icann.org/en/tlds/tld-applications-lodged-02oct00.htm,not-selected,not-selected-in-proof-of-concept-round,,https://www.icann.org/en/announcements/details/icann-announces-selections-for-new-top-level-domains-16-11-2000-en,,,no,
2000,2000-001,.church,item-e2-requested,https://archive.icann.org/en/tlds/tld-applications-lodged-02oct00.htm,not-selected,not-selected-in-proof-of-concept-round,,https://www.icann.org/en/announcements/details/icann-announces-selections-for-new-top-level-domains-16-11-2000-en,,,no,
2000,2000-001,.club,item-e2-requested,https://archive.icann.org/en/tlds/tld-applications-lodged-02oct00.htm,not-selected,not-selected-in-proof-of-concept-round,,https://www.icann.org/en/announcements/details/icann-announces-selections-for-new-top-level-domains-16-11-2000-en,,,no,
2000,2000-001,.commerce,item-e2-requested,https://archive.icann.org/en/tlds/tld-applications-lodged-02oct00.htm,not-selected,not-selected-in-proof-of-concept-round,,https://www.icann.org/en/announcements/details/icann-announces-selections-for-new-top-level-domains-16-11-2000-en,,,no,
2000,2000-001,.computers,item-e2-requested,https://archive.icann.org/en/tlds/tld-applications-lodged-02oct00.htm,not-selected,not-selected-in-proof-of-concept-round,,https://www.icann.org/en/announcements/details/icann-announces-selections-for-new-top-level-domains-16-11-2000-en,,,no,
2000,2000-001,.consulting,item-e2-requested,https://archive.icann.org/en/tlds/tld-applications-lodged-02oct00.htm,not-selected,not-selected-in-proof-of-concept-round,,https://www.icann.org/en/announcements/details/icann-announces-selections-for-new-top-level-domains-16-11-2000-en,,,no,
2000,2000-001,.culture,item-e2-requested,https://archive.icann.org/en/tlds/tld-applications-lodged-02oct00.htm,not-selected,not-selected-in-proof-of-concept-round,,https://www.icann.org/en/announcements/details/icann-announces-selections-for-new-top-level-domains-16-11-2000-en,,,no,
2000,2000-001,.design,item-e2-requested,https://archive.icann.org/en/tlds/tld-applications-lodged-02oct00.htm,not-selected,not-selected-in-proof-of-concept-round,,https://www.icann.org/en/announcements/details/icann-announces-selections-for-new-top-level-domains-16-11-2000-en,,,no,
2000,2000-001,.digital,item-e2-requested,https://archive.icann.org/en/tlds/tld-applications-lodged-02oct00.htm,not-selected,not-selected-in-proof-of-concept-round,,https://www.icann.org/en/announcements/details/icann-announces-selections-for-new-top-level-domains-16-11-2000-en,,,no,
2000,2000-001,.direct,item-e2-requested,https://archive.icann.org/en/tlds/tld-applications-lodged-02oct00.htm,not-selected,not-selected-in-proof-of-concept-round,,https://www.icann.org/en/announcements/details/icann-announces-selections-for-new-top-level-domains-16-11-2000-en,,,no,
2000,2000-001,.dtv,item-e2-requested,https://archive.icann.org/en/tlds/tld-applications-lodged-02oct00.htm,not-selected,not-selected-in-proof-of-concept-round,,https://www.icann.org/en/announcements/details/icann-announces-selections-for-new-top-level-domains-16-11-2000-en,,,no,
2000,2000-001,.dvd,item-e2-requested,https://archive.icann.org/en/tlds/tld-applications-lodged-02oct00.htm,not-selected,not-selected-in-proof-of-concept-round,,https://www.icann.org/en/announcements/details/icann-announces-selections-for-new-top-level-domains-16-11-2000-en,,,no,
2000,2000-001,.factory,item-e2-requested,https://archive.icann.org/en/tlds/tld-applications-lodged-02oct00.htm,not-selected,not-selected-in-proof-of-concept-round,,https://www.icann.org/en/announcements/details/icann-announces-selections-for-new-top-level-domains-16-11-2000-en,,,no,
2000,2000-001,.fashion,item-e2-requested,https://archive.icann.org/en/tlds/tld-applications-lodged-02oct00.htm,not-selected,not-selected-in-proof-of-concept-round,,https://www.icann.org/en/announcements/details/icann-announces-selections-for-new-top-level-domains-16-11-2000-en,,,no,
2000,2000-001,.festival,item-e2-requested,https://archive.icann.org/en/tlds/tld-applications-lodged-02oct00.htm,not-selected,not-selected-in-proof-of-concept-round,,https://www.icann.org/en/announcements/details/icann-announces-selections-for-new-top-level-domains-16-11-2000-en,,,no,
2000,2000-001,.fiction,item-e2-requested,https://archive.icann.org/en/tlds/tld-applications-lodged-02oct00.htm,not-selected,not-selected-in-proof-of-concept-round,,https://www.icann.org/en/announcements/details/icann-announces-selections-for-new-top-level-domains-16-11-2000-en,,,no,
2000,2000-001,.film,item-e2-requested,https://archive.icann.org/en/tlds/tld-applications-lodged-02oct00.htm,not-selected,not-selected-in-proof-of-concept-round,,https://www.icann.org/en/announcements/details/icann-announces-selections-for-new-top-level-domains-16-11-2000-en,,,no,
2000,2000-001,.films,item-e2-requested,https://archive.icann.org/en/tlds/tld-applications-lodged-02oct00.htm,not-selected,not-selected-in-proof-of-concept-round,,https://www.icann.org/en/announcements/details/icann-announces-selections-for-new-top-level-domains-16-11-2000-en,,,no,
2000,2000-001,.foundation,item-e2-requested,https://archive.icann.org/en/tlds/tld-applications-lodged-02oct00.htm,not-selected,not-selected-in-proof-of-concept-round,,https://www.icann.org/en/announcements/details/icann-announces-selections-for-new-top-level-domains-16-11-2000-en,,,no,
2000,2000-001,.free,item-e2-requested,https://archive.icann.org/en/tlds/tld-applications-lodged-02oct00.htm,not-selected,not-selected-in-proof-of-concept-round,,https://www.icann.org/en/announcements/details/icann-announces-selections-for-new-top-level-domains-16-11-2000-en,,,no,
2000,2000-001,.fun,item-e2-requested,https://archive.icann.org/en/tlds/tld-applications-lodged-02oct00.htm,not-selected,not-selected-in-proof-of-concept-round,,https://www.icann.org/en/announcements/details/icann-announces-selections-for-new-top-level-domains-16-11-2000-en,,,no,
2000,2000-001,.fund,item-e2-requested,https://archive.icann.org/en/tlds/tld-applications-lodged-02oct00.htm,not-selected,not-selected-in-proof-of-concept-round,,https://www.icann.org/en/announcements/details/icann-announces-selections-for-new-top-level-domains-16-11-2000-en,,,no,
2000,2000-001,.funds,item-e2-requested,https://archive.icann.org/en/tlds/tld-applications-lodged-02oct00.htm,not-selected,not-selected-in-proof-of-concept-round,,https://www.icann.org/en/announcements/details/icann-announces-selections-for-new-top-level-domains-16-11-2000-en,,,no,
2000,2000-001,.gallery,item-e2-requested,https://archive.icann.org/en/tlds/tld-applications-lodged-02oct00.htm,not-selected,not-selected-in-proof-of-concept-round,,https://www.icann.org/en/announcements/details/icann-announces-selections-for-new-top-level-domains-16-11-2000-en,,,no,
2000,2000-001,.games,item-e2-requested,https://archive.icann.org/en/tlds/tld-applications-lodged-02oct00.htm,not-selected,not-selected-in-proof-of-concept-round,,https://www.icann.org/en/announcements/details/icann-announces-selections-for-new-top-level-domains-16-11-2000-en,,,no,
2000,2000-001,.gay,item-e2-requested,https://archive.icann.org/en/tlds/tld-applications-lodged-02oct00.htm,not-selected,not-selected-in-proof-of-concept-round,,https://www.icann.org/en/announcements/details/icann-announces-selections-for-new-top-level-domains-16-11-2000-en,,,no,
2000,2000-001,.graphics,item-e2-requested,https://archive.icann.org/en/tlds/tld-applications-lodged-02oct00.htm,not-selected,not-selected-in-proof-of-concept-round,,https://www.icann.org/en/announcements/details/icann-announces-selections-for-new-top-level-domains-16-11-2000-en,,,no,
2000,2000-001,.group,item-e2-requested,https://archive.icann.org/en/tlds/tld-applications-lodged-02oct00.htm,not-selected,not-selected-in-proof-of-concept-round,,https://www.icann.org/en/announcements/details/icann-announces-selections-for-new-top-level-domains-16-11-2000-en,,,no,
2000,2000-001,.guide,item-e2-requested,https://archive.icann.org/en/tlds/tld-applications-lodged-02oct00.htm,not-selected,not-selected-in-proof-of-concept-round,,https://www.icann.org/en/announcements/details/icann-announces-selections-for-new-top-level-domains-16-11-2000-en,,,no,
2000,2000-001,.hotel,item-e2-requested,https://archive.icann.org/en/tlds/tld-applications-lodged-02oct00.htm,not-selected,not-selected-in-proof-of-concept-round,,https://www.icann.org/en/announcements/details/icann-announces-selections-for-new-top-level-domains-16-11-2000-en,,,no,
2000,2000-001,.help,item-e2-requested,https://archive.icann.org/en/tlds/tld-applications-lodged-02oct00.htm,not-selected,not-selected-in-proof-of-concept-round,,https://www.icann.org/en/announcements/details/icann-announces-selections-for-new-top-level-domains-16-11-2000-en,,,no,
2000,2000-001,.history,item-e2-requested,https://archive.icann.org/en/tlds/tld-applications-lodged-02oct00.htm,not-selected,not-selected-in-proof-of-concept-round,,https://www.icann.org/en/announcements/details/icann-announces-selections-for-new-top-level-domains-16-11-2000-en,,,no,
2000,2000-001,.index,item-e2-requested,https://archive.icann.org/en/tlds/tld-applications-lodged-02oct00.htm,not-selected,not-selected-in-proof-of-concept-round,,https://www.icann.org/en/announcements/details/icann-announces-selections-for-new-top-level-domains-16-11-2000-en,,,no,
2000,2000-001,.insurance,item-e2-requested,https://archive.icann.org/en/tlds/tld-applications-lodged-02oct00.htm,not-selected,not-selected-in-proof-of-concept-round,,https://www.icann.org/en/announcements/details/icann-announces-selections-for-new-top-level-domains-16-11-2000-en,,,no,
2000,2000-001,.jazz,item-e2-requested,https://archive.icann.org/en/tlds/tld-applications-lodged-02oct00.htm,not-selected,not-selected-in-proof-of-concept-round,,https://www.icann.org/en/announcements/details/icann-announces-selections-for-new-top-level-domains-16-11-2000-en,,,no,
2000,2000-001,.jobs,item-e2-requested,https://archive.icann.org/en/tlds/tld-applications-lodged-02oct00.htm,not-selected,not-selected-in-proof-of-concept-round,,https://www.icann.org/en/announcements/details/icann-announces-selections-for-new-top-level-domains-16-11-2000-en,,,no,
2000,2000-001,.lab,item-e2-requested,https://archive.icann.org/en/tlds/tld-applications-lodged-02oct00.htm,not-selected,not-selected-in-proof-of-concept-round,,https://www.icann.org/en/announcements/details/icann-announces-selections-for-new-top-level-domains-16-11-2000-en,,,no,
2000,2000-001,.mad,item-e2-requested,https://archive.icann.org/en/tlds/tld-applications-lodged-02oct00.htm,not-selected,not-selected-in-proof-of-concept-round,,https://www.icann.org/en/announcements/details/icann-announces-selections-for-new-top-level-domains-16-11-2000-en,,,no,
2000,2000-001,.mag,item-e2-requested,https://archive.icann.org/en/tlds/tld-applications-lodged-02oct00.htm,not-selected,not-selected-in-proof-of-concept-round,,https://www.icann.org/en/announcements/details/icann-announces-selections-for-new-top-level-domains-16-11-2000-en,,,no,
2000,2000-001,.magic,item-e2-requested,https://archive.icann.org/en/tlds/tld-applications-lodged-02oct00.htm,not-selected,not-selected-in-proof-of-concept-round,,https://www.icann.org/en/announcements/details/icann-announces-selections-for-new-top-level-domains-16-11-2000-en,,,no,
2000,2000-001,.mail,item-e2-requested,https://archive.icann.org/en/tlds/tld-applications-lodged-02oct00.htm,not-selected,not-selected-in-proof-of-concept-round,,https://www.icann.org/en/announcements/details/icann-announces-selections-for-new-top-level-domains-16-11-2000-en,,,no,
2000,2000-001,.market,item-e2-requested,https://archive.icann.org/en/tlds/tld-applications-lodged-02oct00.htm,not-selected,not-selected-in-proof-of-concept-round,,https://www.icann.org/en/announcements/details/icann-announces-selections-for-new-top-level-domains-16-11-2000-en,,,no,
2000,2000-001,.media,item-e2-requested,https://archive.icann.org/en/tlds/tld-applications-lodged-02oct00.htm,not-selected,not-selected-in-proof-of-concept-round,,https://www.icann.org/en/announcements/details/icann-announces-selections-for-new-top-level-domains-16-11-2000-en,,,no,
2000,2000-001,.men,item-e2-requested,https://archive.icann.org/en/tlds/tld-applications-lodged-02oct00.htm,not-selected,not-selected-in-proof-of-concept-round,,https://www.icann.org/en/announcements/details/icann-announces-selections-for-new-top-level-domains-16-11-2000-en,,,no,
2000,2000-001,.monitor,item-e2-requested,https://archive.icann.org/en/tlds/tld-applications-lodged-02oct00.htm,not-selected,not-selected-in-proof-of-concept-round,,https://www.icann.org/en/announcements/details/icann-announces-selections-for-new-top-level-domains-16-11-2000-en,,,no,
2000,2000-001,.movie,item-e2-requested,https://archive.icann.org/en/tlds/tld-applications-lodged-02oct00.htm,not-selected,not-selected-in-proof-of-concept-round,,https://www.icann.org/en/announcements/details/icann-announces-selections-for-new-top-level-domains-16-11-2000-en,,,no,
2000,2000-001,.music,item-e2-requested,https://archive.icann.org/en/tlds/tld-applications-lodged-02oct00.htm,not-selected,not-selected-in-proof-of-concept-round,,https://www.icann.org/en/announcements/details/icann-announces-selections-for-new-top-level-domains-16-11-2000-en,,,no,
2000,2000-001,.news,item-e2-requested,https://archive.icann.org/en/tlds/tld-applications-lodged-02oct00.htm,not-selected,not-selected-in-proof-of-concept-round,,https://www.icann.org/en/announcements/details/icann-announces-selections-for-new-top-level-domains-16-11-2000-en,,,no,
2000,2000-001,.now,item-e2-requested,https://archive.icann.org/en/tlds/tld-applications-lodged-02oct00.htm,not-selected,not-selected-in-proof-of-concept-round,,https://www.icann.org/en/announcements/details/icann-announces-selections-for-new-top-level-domains-16-11-2000-en,,,no,
2000,2000-001,.nyc,item-e2-requested,https://archive.icann.org/en/tlds/tld-applications-lodged-02oct00.htm,not-selected,not-selected-in-proof-of-concept-round,,https://www.icann.org/en/announcements/details/icann-announces-selections-for-new-top-level-domains-16-11-2000-en,,,no,
2000,2000-001,.one,item-e2-requested,https://archive.icann.org/en/tlds/tld-applications-lodged-02oct00.htm,not-selected,not-selected-in-proof-of-concept-round,,https://www.icann.org/en/announcements/details/icann-announces-selections-for-new-top-level-domains-16-11-2000-en,,,no,
2000,2000-001,.online,item-e2-requested,https://archive.icann.org/en/tlds/tld-applications-lodged-02oct00.htm,not-selected,not-selected-in-proof-of-concept-round,,https://www.icann.org/en/announcements/details/icann-announces-selections-for-new-top-level-domains-16-11-2000-en,,,no,
2000,2000-001,.opera,item-e2-requested,https://archive.icann.org/en/tlds/tld-applications-lodged-02oct00.htm,not-selected,not-selected-in-proof-of-concept-round,,https://www.icann.org/en/announcements/details/icann-announces-selections-for-new-top-level-domains-16-11-2000-en,,,no,
2000,2000-001,.page,item-e2-requested,https://archive.icann.org/en/tlds/tld-applications-lodged-02oct00.htm,not-selected,not-selected-in-proof-of-concept-round,,https://www.icann.org/en/announcements/details/icann-announces-selections-for-new-top-level-domains-16-11-2000-en,,,no,
2000,2000-001,.partners,item-e2-requested,https://archive.icann.org/en/tlds/tld-applications-lodged-02oct00.htm,not-selected,not-selected-in-proof-of-concept-round,,https://www.icann.org/en/announcements/details/icann-announces-selections-for-new-top-level-domains-16-11-2000-en,,,no,
2000,2000-001,.people,item-e2-requested,https://archive.icann.org/en/tlds/tld-applications-lodged-02oct00.htm,not-selected,not-selected-in-proof-of-concept-round,,https://www.icann.org/en/announcements/details/icann-announces-selections-for-new-top-level-domains-16-11-2000-en,,,no,
2000,2000-001,.planet,item-e2-requested,https://archive.icann.org/en/tlds/tld-applications-lodged-02oct00.htm,not-selected,not-selected-in-proof-of-concept-round,,https://www.icann.org/en/announcements/details/icann-announces-selections-for-new-top-level-domains-16-11-2000-en,,,no,
2000,2000-001,.politics,item-e2-requested,https://archive.icann.org/en/tlds/tld-applications-lodged-02oct00.htm,not-selected,not-selected-in-proof-of-concept-round,,https://www.icann.org/en/announcements/details/icann-announces-selections-for-new-top-level-domains-16-11-2000-en,,,no,
2000,2000-001,.power,item-e2-requested,https://archive.icann.org/en/tlds/tld-applications-lodged-02oct00.htm,not-selected,not-selected-in-proof-of-concept-round,,https://www.icann.org/en/announcements/details/icann-announces-selections-for-new-top-level-domains-16-11-2000-en,,,no,
2000,2000-001,.productions,item-e2-requested,https://archive.icann.org/en/tlds/tld-applications-lodged-02oct00.htm,not-selected,not-selected-in-proof-of-concept-round,,https://www.icann.org/en/announcements/details/icann-announces-selections-for-new-top-level-domains-16-11-2000-en,,,no,
2000,2000-001,.projects,item-e2-requested,https://archive.icann.org/en/tlds/tld-applications-lodged-02oct00.htm,not-selected,not-selected-in-proof-of-concept-round,,https://www.icann.org/en/announcements/details/icann-announces-selections-for-new-top-level-domains-16-11-2000-en,,,no,
2000,2000-001,.properties,item-e2-requested,https://archive.icann.org/en/tlds/tld-applications-lodged-02oct00.htm,not-selected,not-selected-in-proof-of-concept-round,,https://www.icann.org/en/announcements/details/icann-announces-selections-for-new-top-level-domains-16-11-2000-en,,,no,
2000,2000-001,.radio,item-e2-requested,https://archive.icann.org/en/tlds/tld-applications-lodged-02oct00.htm,not-selected,not-selected-in-proof-of-concept-round,,https://www.icann.org/en/announcements/details/icann-announces-selections-for-new-top-level-domains-16-11-2000-en,,,no,
2000,2000-001,.records,item-e2-requested,https://archive.icann.org/en/tlds/tld-applications-lodged-02oct00.htm,not-selected,not-selected-in-proof-of-concept-round,,https://www.icann.org/en/announcements/details/icann-announces-selections-for-new-top-level-domains-16-11-2000-en,,,no,
2000,2000-001,.school,item-e2-requested,https://archive.icann.org/en/tlds/tld-applications-lodged-02oct00.htm,not-selected,not-selected-in-proof-of-concept-round,,https://www.icann.org/en/announcements/details/icann-announces-selections-for-new-top-level-domains-16-11-2000-en,,,no,
2000,2000-001,.service,item-e2-requested,https://archive.icann.org/en/tlds/tld-applications-lodged-02oct00.htm,not-selected,not-selected-in-proof-of-concept-round,,https://www.icann.org/en/announcements/details/icann-announces-selections-for-new-top-level-domains-16-11-2000-en,,,no,
2000,2000-001,.sex,item-e2-requested,https://archive.icann.org/en/tlds/tld-applications-lodged-02oct00.htm,not-selected,not-selected-in-proof-of-concept-round,,https://www.icann.org/en/announcements/details/icann-announces-selections-for-new-top-level-domains-16-11-2000-en,,,no,
2000,2000-001,.shoes,item-e2-requested,https://archive.icann.org/en/tlds/tld-applications-lodged-02oct00.htm,not-selected,not-selected-in-proof-of-concept-round,,https://www.icann.org/en/announcements/details/icann-announces-selections-for-new-top-level-domains-16-11-2000-en,,,no,
2000,2000-001,.shop,item-e2-requested,https://archive.icann.org/en/tlds/tld-applications-lodged-02oct00.htm,not-selected,not-selected-in-proof-of-concept-round,,https://www.icann.org/en/announcements/details/icann-announces-selections-for-new-top-level-domains-16-11-2000-en,,,no,
2000,2000-001,.show,item-e2-requested,https://archive.icann.org/en/tlds/tld-applications-lodged-02oct00.htm,not-selected,not-selected-in-proof-of-concept-round,,https://www.icann.org/en/announcements/details/icann-announces-selections-for-new-top-level-domains-16-11-2000-en,,,no,
2000,2000-001,.security,item-e2-requested,https://archive.icann.org/en/tlds/tld-applications-lodged-02oct00.htm,not-selected,not-selected-in-proof-of-concept-round,,https://www.icann.org/en/announcements/details/icann-announces-selections-for-new-top-level-domains-16-11-2000-en,,,no,
2000,2000-001,.society,item-e2-requested,https://archive.icann.org/en/tlds/tld-applications-lodged-02oct00.htm,not-selected,not-selected-in-proof-of-concept-round,,https://www.icann.org/en/announcements/details/icann-announces-selections-for-new-top-level-domains-16-11-2000-en,,,no,
2000,2000-001,.sound,item-e2-requested,https://archive.icann.org/en/tlds/tld-applications-lodged-02oct00.htm,not-selected,not-selected-in-proof-of-concept-round,,https://www.icann.org/en/announcements/details/icann-announces-selections-for-new-top-level-domains-16-11-2000-en,,,no,
2000,2000-001,.shareware,item-e2-requested,https://archive.icann.org/en/tlds/tld-applications-lodged-02oct00.htm,not-selected,not-selected-in-proof-of-concept-round,,https://www.icann.org/en/announcements/details/icann-announces-selections-for-new-top-level-domains-16-11-2000-en,,,no,
2000,2000-001,.site,item-e2-requested,https://archive.icann.org/en/tlds/tld-applications-lodged-02oct00.htm,not-selected,not-selected-in-proof-of-concept-round,,https://www.icann.org/en/announcements/details/icann-announces-selections-for-new-top-level-domains-16-11-2000-en,,,no,
2000,2000-001,.software,item-e2-requested,https://archive.icann.org/en/tlds/tld-applications-lodged-02oct00.htm,not-selected,not-selected-in-proof-of-concept-round,,https://www.icann.org/en/announcements/details/icann-announces-selections-for-new-top-level-domains-16-11-2000-en,,,no,
2000,2000-001,.solutions,item-e2-requested,https://archive.icann.org/en/tlds/tld-applications-lodged-02oct00.htm,not-selected,not-selected-in-proof-of-concept-round,,https://www.icann.org/en/announcements/details/icann-announces-selections-for-new-top-level-domains-16-11-2000-en,,,no,
2000,2000-001,.soup,item-e2-requested,https://archive.icann.org/en/tlds/tld-applications-lodged-02oct00.htm,not-selected,not-selected-in-proof-of-concept-round,,https://www.icann.org/en/announcements/details/icann-announces-selections-for-new-top-level-domains-16-11-2000-en,,,no,
2000,2000-001,.space,item-e2-requested,https://archive.icann.org/en/tlds/tld-applications-lodged-02oct00.htm,not-selected,not-selected-in-proof-of-concept-round,,https://www.icann.org/en/announcements/details/icann-announces-selections-for-new-top-level-domains-16-11-2000-en,,,no,
2000,2000-001,.sports,item-e2-requested,https://archive.icann.org/en/tlds/tld-applications-lodged-02oct00.htm,not-selected,not-selected-in-proof-of-concept-round,,https://www.icann.org/en/announcements/details/icann-announces-selections-for-new-top-level-domains-16-11-2000-en,,,no,
2000,2000-001,.star,item-e2-requested,https://archive.icann.org/en/tlds/tld-applications-lodged-02oct00.htm,not-selected,not-selected-in-proof-of-concept-round,,https://www.icann.org/en/announcements/details/icann-announces-selections-for-new-top-level-domains-16-11-2000-en,,,no,
2000,2000-001,.studios,item-e2-requested,https://archive.icann.org/en/tlds/tld-applications-lodged-02oct00.htm,not-selected,not-selected-in-proof-of-concept-round,,https://www.icann.org/en/announcements/details/icann-announces-selections-for-new-top-level-domains-16-11-2000-en,,,no,
2000,2000-001,.sucks,item-e2-requested,https://archive.icann.org/en/tlds/tld-applications-lodged-02oct00.htm,not-selected,not-selected-in-proof-of-concept-round,,https://www.icann.org/en/announcements/details/icann-announces-selections-for-new-top-level-domains-16-11-2000-en,,,no,
2000,2000-001,.systems,item-e2-requested,https://archive.icann.org/en/tlds/tld-applications-lodged-02oct00.htm,not-selected,not-selected-in-proof-of-concept-round,,https://www.icann.org/en/announcements/details/icann-announces-selections-for-new-top-level-domains-16-11-2000-en,,,no,
2000,2000-001,.tech,item-e2-requested,https://archive.icann.org/en/tlds/tld-applications-lodged-02oct00.htm,not-selected,not-selected-in-proof-of-concept-round,,https://www.icann.org/en/announcements/details/icann-announces-selections-for-new-top-level-domains-16-11-2000-en,,,no,
2000,2000-001,.temple,item-e2-requested,https://archive.icann.org/en/tlds/tld-applications-lodged-02oct00.htm,not-selected,not-selected-in-proof-of-concept-round,,https://www.icann.org/en/announcements/details/icann-announces-selections-for-new-top-level-domains-16-11-2000-en,,,no,
2000,2000-001,.theater,item-e2-requested,https://archive.icann.org/en/tlds/tld-applications-lodged-02oct00.htm,not-selected,not-selected-in-proof-of-concept-round,,https://www.icann.org/en/announcements/details/icann-announces-selections-for-new-top-level-domains-16-11-2000-en,,,no,
2000,2000-001,.time,item-e2-requested,https://archive.icann.org/en/tlds/tld-applications-lodged-02oct00.htm,not-selected,not-selected-in-proof-of-concept-round,,https://www.icann.org/en/announcements/details/icann-announces-selections-for-new-top-level-domains-16-11-2000-en,,,no,
2000,2000-001,.times,item-e2-requested,https://archive.icann.org/en/tlds/tld-applications-lodged-02oct00.htm,not-selected,not-selected-in-proof-of-concept-round,,https://www.icann.org/en/announcements/details/icann-announces-selections-for-new-top-level-domains-16-11-2000-en,,,no,
2000,2000-001,.toys,item-e2-requested,https://archive.icann.org/en/tlds/tld-applications-lodged-02oct00.htm,not-selected,not-selected-in-proof-of-concept-round,,https://www.icann.org/en/announcements/details/icann-announces-selections-for-new-top-level-domains-16-11-2000-en,,,no,
2000,2000-001,.trade,item-e2-requested,https://archive.icann.org/en/tlds/tld-applications-lodged-02oct00.htm,not-selected,not-selected-in-proof-of-concept-round,,https://www.icann.org/en/announcements/details/icann-announces-selections-for-new-top-level-domains-16-11-2000-en,,,no,
2000,2000-001,.travel,item-e2-requested,https://archive.icann.org/en/tlds/tld-applications-lodged-02oct00.htm,not-selected,not-selected-in-proof-of-concept-round,,https://www.icann.org/en/announcements/details/icann-announces-selections-for-new-top-level-domains-16-11-2000-en,,,no,
2000,2000-001,.voice,item-e2-requested,https://archive.icann.org/en/tlds/tld-applications-lodged-02oct00.htm,not-selected,not-selected-in-proof-of-concept-round,,https://www.icann.org/en/announcements/details/icann-announces-selections-for-new-top-level-domains-16-11-2000-en,,,no,
2000,2000-001,.war,item-e2-requested,https://archive.icann.org/en/tlds/tld-applications-lodged-02oct00.htm,not-selected,not-selected-in-proof-of-concept-round,,https://www.icann.org/en/announcements/details/icann-announces-selections-for-new-top-level-domains-16-11-2000-en,,,no,
2000,2000-001,.watch,item-e2-requested,https://archive.icann.org/en/tlds/tld-applications-lodged-02oct00.htm,not-selected,not-selected-in-proof-of-concept-round,,https://www.icann.org/en/announcements/details/icann-announces-selections-for-new-top-level-domains-16-11-2000-en,,,no,
2000,2000-001,.weather,item-e2-requested,https://archive.icann.org/en/tlds/tld-applications-lodged-02oct00.htm,not-selected,not-selected-in-proof-of-concept-round,,https://www.icann.org/en/announcements/details/icann-announces-selections-for-new-top-level-domains-16-11-2000-en,,,no,
2000,2000-001,.women,item-e2-requested,https://archive.icann.org/en/tlds/tld-applications-lodged-02oct00.htm,not-selected,not-selected-in-proof-of-concept-round,,https://www.icann.org/en/announcements/details/icann-announces-selections-for-new-top-level-domains-16-11-2000-en,,,no,
2000,2000-001,.world,item-e2-requested,https://archive.icann.org/en/tlds/tld-applications-lodged-02oct00.htm,not-selected,not-selected-in-proof-of-concept-round,,https://www.icann.org/en/announcements/details/icann-announces-selections-for-new-top-level-domains-16-11-2000-en,,,no,
2000,2000-001,.writer,item-e2-requested,https://archive.icann.org/en/tlds/tld-applications-lodged-02oct00.htm,not-selected,not-selected-in-proof-of-concept-round,,https://www.icann.org/en/announcements/details/icann-announces-selections-for-new-top-level-domains-16-11-2000-en,,,no,
2000,2000-001,.zine,item-e2-requested,https://archive.icann.org/en/tlds/tld-applications-lodged-02oct00.htm,not-selected,not-selected-in-proof-of-concept-round,,https://www.icann.org/en/announcements/details/icann-announces-selections-for-new-top-level-domains-16-11-2000-en,,,no,
2000,2000-001,.zone,item-e2-requested,https://archive.icann.org/en/tlds/tld-applications-lodged-02oct00.htm,not-selected,not-selected-in-proof-of-concept-round,,https://www.icann.org/en/announcements/details/icann-announces-selections-for-new-top-level-domains-16-11-2000-en,,,no,
2000,2000-002,.africa,item-e2-requested,https://archive.icann.org/en/tlds/tld-applications-lodged-02oct00.htm,not-selected,not-selected-in-proof-of-concept-round,,https://www.icann.org/en/announcements/details/icann-announces-selections-for-new-top-level-domains-16-11-2000-en,,,no,
2000,2000-002,.llc,item-e2-requested,https://archive.icann.org/en/tlds/tld-applications-lodged-02oct00.htm,not-selected,not-selected-in-proof-of-concept-round,,https://www.icann.org/en/announcements/details/icann-announces-selections-for-new-top-level-domains-16-11-2000-en,,,no,
2000,2000-002,.sansansan,item-e2-requested,https://archive.icann.org/en/tlds/tld-applications-lodged-02oct00.htm,not-selected,not-selected-in-proof-of-concept-round,,https://www.icann.org/en/announcements/details/icann-announces-selections-for-new-top-level-domains-16-11-2000-en,,,no,
2000,2000-002,.sex,item-e2-requested,https://archive.icann.org/en/tlds/tld-applications-lodged-02oct00.htm,not-selected,not-selected-in-proof-of-concept-round,,https://www.icann.org/en/announcements/details/icann-announces-selections-for-new-top-level-domains-16-11-2000-en,,,no,
2000,2000-002,.three33,item-e2-requested,https://archive.icann.org/en/tlds/tld-applications-lodged-02oct00.htm,not-selected,not-selected-in-proof-of-concept-round,,https://www.icann.org/en/announcements/details/icann-announces-selections-for-new-top-level-domains-16-11-2000-en,,,no,
2000,2000-002,.wap,item-e2-requested,https://archive.icann.org/en/tlds/tld-applications-lodged-02oct00.htm,not-selected,not-selected-in-proof-of-concept-round,,https://www.icann.org/en/announcements/details/icann-announces-selections-for-new-top-level-domains-16-11-2000-en,,,no,
2000,2000-002,.xxx,item-e2-requested,https://archive.icann.org/en/tlds/tld-applications-lodged-02oct00.htm,not-selected,not-selected-in-proof-of-concept-round,,https://www.icann.org/en/announcements/details/icann-announces-selections-for-new-top-level-domains-16-11-2000-en,,,yes,xxx
2000,2000-003,.air,item-e2-requested,https://archive.icann.org/en/tlds/tld-applications-lodged-02oct00.htm,selected,selected-in-proof-of-concept-round,,https://www.icann.org/en/announcements/details/icann-announces-selections-for-new-top-level-domains-16-11-2000-en,,,no,
2000,2000-004,.biz,item-e2-requested,https://archive.icann.org/en/tlds/tld-applications-lodged-02oct00.htm,selected,selected-in-proof-of-concept-round,,https://www.icann.org/en/announcements/details/icann-announces-selections-for-new-top-level-domains-16-11-2000-en,,,no,
2000,2000-005,.biz,item-e2-requested,https://archive.icann.org/en/tlds/tld-applications-lodged-02oct00.htm,not-selected,not-selected-in-proof-of-concept-round,,https://www.icann.org/en/announcements/details/icann-announces-selections-for-new-top-level-domains-16-11-2000-en,,,no,
2000,2000-005,.cool,item-e2-requested,https://archive.icann.org/en/tlds/tld-applications-lodged-02oct00.htm,not-selected,not-selected-in-proof-of-concept-round,,https://www.icann.org/en/announcements/details/icann-announces-selections-for-new-top-level-domains-16-11-2000-en,,,no,
2000,2000-005,.fam,item-e2-requested,https://archive.icann.org/en/tlds/tld-applications-lodged-02oct00.htm,not-selected,not-selected-in-proof-of-concept-round,,https://www.icann.org/en/announcements/details/icann-announces-selections-for-new-top-level-domains-16-11-2000-en,,,no,
2000,2000-005,.inc,item-e2-requested,https://archive.icann.org/en/tlds/tld-applications-lodged-02oct00.htm,not-selected,not-selected-in-proof-of-concept-round,,https://www.icann.org/en/announcements/details/icann-announces-selections-for-new-top-level-domains-16-11-2000-en,,,no,
2000,2000-005,.xxx,item-e2-requested,https://archive.icann.org/en/tlds/tld-applications-lodged-02oct00.htm,not-selected,not-selected-in-proof-of-concept-round,,https://www.icann.org/en/announcements/details/icann-announces-selections-for-new-top-level-domains-16-11-2000-en,,,yes,xxx
2000,2000-006,.biz,item-e2-requested,https://archive.icann.org/en/tlds/tld-applications-lodged-02oct00.htm,not-selected,not-selected-in-proof-of-concept-round,,https://www.icann.org/en/announcements/details/icann-announces-selections-for-new-top-level-domains-16-11-2000-en,,,no,
2000,2000-006,.ebiz,item-e2-requested,https://archive.icann.org/en/tlds/tld-applications-lodged-02oct00.htm,not-selected,not-selected-in-proof-of-concept-round,,https://www.icann.org/en/announcements/details/icann-announces-selections-for-new-top-level-domains-16-11-2000-en,,,no,
2000,2000-006,.firm,item-e2-requested,https://archive.icann.org/en/tlds/tld-applications-lodged-02oct00.htm,not-selected,not-selected-in-proof-of-concept-round,,https://www.icann.org/en/announcements/details/icann-announces-selections-for-new-top-level-domains-16-11-2000-en,,,no,
2000,2000-006,.inc,item-e2-requested,https://archive.icann.org/en/tlds/tld-applications-lodged-02oct00.htm,not-selected,not-selected-in-proof-of-concept-round,,https://www.icann.org/en/announcements/details/icann-announces-selections-for-new-top-level-domains-16-11-2000-en,,,no,
2000,2000-006,.real,item-e2-requested,https://archive.icann.org/en/tlds/tld-applications-lodged-02oct00.htm,not-selected,not-selected-in-proof-of-concept-round,,https://www.icann.org/en/announcements/details/icann-announces-selections-for-new-top-level-domains-16-11-2000-en,,,no,
2000,2000-007,.biz,item-e2-requested,https://archive.icann.org/en/tlds/tld-applications-lodged-02oct00.htm,not-selected,not-selected-in-proof-of-concept-round,,https://www.icann.org/en/announcements/details/icann-announces-selections-for-new-top-level-domains-16-11-2000-en,,,no,
2000,2000-007,.ebiz,item-e2-requested,https://archive.icann.org/en/tlds/tld-applications-lodged-02oct00.htm,not-selected,not-selected-in-proof-of-concept-round,,https://www.icann.org/en/announcements/details/icann-announces-selections-for-new-top-level-domains-16-11-2000-en,,,no,
2000,2000-007,.ecom,item-e2-requested,https://archive.icann.org/en/tlds/tld-applications-lodged-02oct00.htm,not-selected,not-selected-in-proof-of-concept-round,,https://www.icann.org/en/announcements/details/icann-announces-selections-for-new-top-level-domains-16-11-2000-en,,,no,
2000,2000-008,.biz,item-e2-requested,https://archive.icann.org/en/tlds/tld-applications-lodged-02oct00.htm,not-selected,not-selected-in-proof-of-concept-round,,https://www.icann.org/en/announcements/details/icann-announces-selections-for-new-top-level-domains-16-11-2000-en,,,no,
2000,2000-008,.home,item-e2-requested,https://archive.icann.org/en/tlds/tld-applications-lodged-02oct00.htm,not-selected,not-selected-in-proof-of-concept-round,,https://www.icann.org/en/announcements/details/icann-announces-selections-for-new-top-level-domains-16-11-2000-en,,,no,
2000,2000-009,.cash,item-e2-requested,https://archive.icann.org/en/tlds/tld-applications-lodged-02oct00.htm,not-selected,not-selected-in-proof-of-concept-round,,https://www.icann.org/en/announcements/details/icann-announces-selections-for-new-top-level-domains-16-11-2000-en,,,no,
2000,2000-009,.global,item-e2-requested,https://archive.icann.org/en/tlds/tld-applications-lodged-02oct00.htm,not-selected,not-selected-in-proof-of-concept-round,,https://www.icann.org/en/announcements/details/icann-announces-selections-for-new-top-level-domains-16-11-2000-en,,,no,
2000,2000-009,.secure,item-e2-requested,https://archive.icann.org/en/tlds/tld-applications-lodged-02oct00.htm,not-selected,not-selected-in-proof-of-concept-round,,https://www.icann.org/en/announcements/details/icann-announces-selections-for-new-top-level-domains-16-11-2000-en,,,no,
2000,2000-010,.co-op,item-e2-requested,https://archive.icann.org/en/tlds/tld-applications-lodged-02oct00.htm,selected,selected-in-proof-of-concept-round,,https://www.icann.org/en/announcements/details/icann-announces-selections-for-new-top-level-domains-16-11-2000-en,,,no,
2000,2000-010,.coop,item-e2-requested,https://archive.icann.org/en/tlds/tld-applications-lodged-02oct00.htm,selected,selected-in-proof-of-concept-round,,https://www.icann.org/en/announcements/details/icann-announces-selections-for-new-top-level-domains-16-11-2000-en,,,no,
2000,2000-011,.dir,item-e2-requested,https://archive.icann.org/en/tlds/tld-applications-lodged-02oct00.htm,not-selected,not-selected-in-proof-of-concept-round,,https://www.icann.org/en/announcements/details/icann-announces-selections-for-new-top-level-domains-16-11-2000-en,,,no,
2000,2000-012,.dot,item-e2-requested,https://archive.icann.org/en/tlds/tld-applications-lodged-02oct00.htm,not-selected,not-selected-in-proof-of-concept-round,,https://www.icann.org/en/announcements/details/icann-announces-selections-for-new-top-level-domains-16-11-2000-en,,,no,
2000,2000-012,.info,item-e2-requested,https://archive.icann.org/en/tlds/tld-applications-lodged-02oct00.htm,not-selected,not-selected-in-proof-of-concept-round,,https://www.icann.org/en/announcements/details/icann-announces-selections-for-new-top-level-domains-16-11-2000-en,,,no,
2000,2000-012,.site,item-e2-requested,https://archive.icann.org/en/tlds/tld-applications-lodged-02oct00.htm,not-selected,not-selected-in-proof-of-concept-round,,https://www.icann.org/en/announcements/details/icann-announces-selections-for-new-top-level-domains-16-11-2000-en,,,no,
2000,2000-012,.spot,item-e2-requested,https://archive.icann.org/en/tlds/tld-applications-lodged-02oct00.htm,not-selected,not-selected-in-proof-of-concept-round,,https://www.icann.org/en/announcements/details/icann-announces-selections-for-new-top-level-domains-16-11-2000-en,,,no,
2000,2000-012,.surf,item-e2-requested,https://archive.icann.org/en/tlds/tld-applications-lodged-02oct00.htm,not-selected,not-selected-in-proof-of-concept-round,,https://www.icann.org/en/announcements/details/icann-announces-selections-for-new-top-level-domains-16-11-2000-en,,,no,
2000,2000-012,.web,item-e2-requested,https://archive.icann.org/en/tlds/tld-applications-lodged-02oct00.htm,not-selected,not-selected-in-proof-of-concept-round,,https://www.icann.org/en/announcements/details/icann-announces-selections-for-new-top-level-domains-16-11-2000-en,,,no,
2000,2000-013,.dubai,item-e2-requested,https://archive.icann.org/en/tlds/tld-applications-lodged-02oct00.htm,not-selected,not-selected-in-proof-of-concept-round,,https://www.icann.org/en/announcements/details/icann-announces-selections-for-new-top-level-domains-16-11-2000-en,,,no,
2000,2000-013,.go,item-e2-requested,https://archive.icann.org/en/tlds/tld-applications-lodged-02oct00.htm,not-selected,not-selected-in-proof-of-concept-round,,https://www.icann.org/en/announcements/details/icann-announces-selections-for-new-top-level-domains-16-11-2000-en,,,no,
2000,2000-014,.event,item-e2-requested,https://archive.icann.org/en/tlds/tld-applications-lodged-02oct00.htm,not-selected,not-selected-in-proof-of-concept-round,,https://www.icann.org/en/announcements/details/icann-announces-selections-for-new-top-level-domains-16-11-2000-en,,,no,
2000,2000-015,.fin,item-e2-requested,https://archive.icann.org/en/tlds/tld-applications-lodged-02oct00.htm,not-selected,not-selected-in-proof-of-concept-round,,https://www.icann.org/en/announcements/details/icann-announces-selections-for-new-top-level-domains-16-11-2000-en,,,no,
2000,2000-016,.find,item-e2-requested,https://archive.icann.org/en/tlds/tld-applications-lodged-02oct00.htm,not-selected,not-selected-in-proof-of-concept-round,,https://www.icann.org/en/announcements/details/icann-announces-selections-for-new-top-level-domains-16-11-2000-en,,,no,
2000,2000-016,.yp,item-e2-requested,https://archive.icann.org/en/tlds/tld-applications-lodged-02oct00.htm,not-selected,not-selected-in-proof-of-concept-round,,https://www.icann.org/en/announcements/details/icann-announces-selections-for-new-top-level-domains-16-11-2000-en,,,no,
2000,2000-016,.ypa,item-e2-requested,https://archive.icann.org/en/tlds/tld-applications-lodged-02oct00.htm,not-selected,not-selected-in-proof-of-concept-round,,https://www.icann.org/en/announcements/details/icann-announces-selections-for-new-top-level-domains-16-11-2000-en,,,no,
2000,2000-016,.ypi,item-e2-requested,https://archive.icann.org/en/tlds/tld-applications-lodged-02oct00.htm,not-selected,not-selected-in-proof-of-concept-round,,https://www.icann.org/en/announcements/details/icann-announces-selections-for-new-top-level-domains-16-11-2000-en,,,no,
2000,2000-017,.firm,item-e2-requested,https://archive.icann.org/en/tlds/tld-applications-lodged-02oct00.htm,not-selected,not-selected-in-proof-of-concept-round,,https://www.icann.org/en/announcements/details/icann-announces-selections-for-new-top-level-domains-16-11-2000-en,,,no,
2000,2000-017,.game,item-e2-requested,https://archive.icann.org/en/tlds/tld-applications-lodged-02oct00.htm,not-selected,not-selected-in-proof-of-concept-round,,https://www.icann.org/en/announcements/details/icann-announces-selections-for-new-top-level-domains-16-11-2000-en,,,no,
2000,2000-017,.inc,item-e2-requested,https://archive.icann.org/en/tlds/tld-applications-lodged-02oct00.htm,not-selected,not-selected-in-proof-of-concept-round,,https://www.icann.org/en/announcements/details/icann-announces-selections-for-new-top-level-domains-16-11-2000-en,,,no,
2000,2000-017,.info,item-e2-requested,https://archive.icann.org/en/tlds/tld-applications-lodged-02oct00.htm,not-selected,not-selected-in-proof-of-concept-round,,https://www.icann.org/en/announcements/details/icann-announces-selections-for-new-top-level-domains-16-11-2000-en,,,no,
2000,2000-017,.ltd,item-e2-requested,https://archive.icann.org/en/tlds/tld-applications-lodged-02oct00.htm,not-selected,not-selected-in-proof-of-concept-round,,https://www.icann.org/en/announcements/details/icann-announces-selections-for-new-top-level-domains-16-11-2000-en,,,no,
2000,2000-017,.news,item-e2-requested,https://archive.icann.org/en/tlds/tld-applications-lodged-02oct00.htm,not-selected,not-selected-in-proof-of-concept-round,,https://www.icann.org/en/announcements/details/icann-announces-selections-for-new-top-level-domains-16-11-2000-en,,,no,
2000,2000-017,.shop,item-e2-requested,https://archive.icann.org/en/tlds/tld-applications-lodged-02oct00.htm,not-selected,not-selected-in-proof-of-concept-round,,https://www.icann.org/en/announcements/details/icann-announces-selections-for-new-top-level-domains-16-11-2000-en,,,no,
2000,2000-017,.store,item-e2-requested,https://archive.icann.org/en/tlds/tld-applications-lodged-02oct00.htm,not-selected,not-selected-in-proof-of-concept-round,,https://www.icann.org/en/announcements/details/icann-announces-selections-for-new-top-level-domains-16-11-2000-en,,,no,
2000,2000-017,.tour,item-e2-requested,https://archive.icann.org/en/tlds/tld-applications-lodged-02oct00.htm,not-selected,not-selected-in-proof-of-concept-round,,https://www.icann.org/en/announcements/details/icann-announces-selections-for-new-top-level-domains-16-11-2000-en,,,no,
2000,2000-018,.geo,item-e2-requested,https://archive.icann.org/en/tlds/tld-applications-lodged-02oct00.htm,not-selected,not-selected-in-proof-of-concept-round,geo-2000,https://www.icann.org/en/announcements/details/icann-announces-selections-for-new-top-level-domains-16-11-2000-en,,,no,
2000,2000-019,.health,item-e2-requested,https://archive.icann.org/en/tlds/tld-applications-lodged-02oct00.htm,not-selected,not-selected-in-proof-of-concept-round,,https://www.icann.org/en/announcements/details/icann-announces-selections-for-new-top-level-domains-16-11-2000-en,,,no,
2000,2000-020,.i,item-e2-requested,https://archive.icann.org/en/tlds/tld-applications-lodged-02oct00.htm,not-selected,not-selected-in-proof-of-concept-round,,https://www.icann.org/en/announcements/details/icann-announces-selections-for-new-top-level-domains-16-11-2000-en,,,no,
2000,2000-021,.info,item-e2-requested,https://archive.icann.org/en/tlds/tld-applications-lodged-02oct00.htm,selected,selected-in-proof-of-concept-round,,https://www.icann.org/en/announcements/details/icann-announces-selections-for-new-top-level-domains-16-11-2000-en,,,no,
2000,2000-021,.site,item-e2-requested,https://archive.icann.org/en/tlds/tld-applications-lodged-02oct00.htm,selected,selected-in-proof-of-concept-round,,https://www.icann.org/en/announcements/details/icann-announces-selections-for-new-top-level-domains-16-11-2000-en,,,no,
2000,2000-021,.web,item-e2-requested,https://archive.icann.org/en/tlds/tld-applications-lodged-02oct00.htm,selected,selected-in-proof-of-concept-round,,https://www.icann.org/en/announcements/details/icann-announces-selections-for-new-top-level-domains-16-11-2000-en,,,no,
2000,2000-022,.jina,item-e2-requested,https://archive.icann.org/en/tlds/tld-applications-lodged-02oct00.htm,selected,selected-in-proof-of-concept-round,,https://www.icann.org/en/announcements/details/icann-announces-selections-for-new-top-level-domains-16-11-2000-en,,,no,
2000,2000-022,.name,item-e2-requested,https://archive.icann.org/en/tlds/tld-applications-lodged-02oct00.htm,selected,selected-in-proof-of-concept-round,,https://www.icann.org/en/announcements/details/icann-announces-selections-for-new-top-level-domains-16-11-2000-en,,,no,
2000,2000-022,.nom,item-e2-requested,https://archive.icann.org/en/tlds/tld-applications-lodged-02oct00.htm,selected,selected-in-proof-of-concept-round,,https://www.icann.org/en/announcements/details/icann-announces-selections-for-new-top-level-domains-16-11-2000-en,,,no,
2000,2000-022,.san,item-e2-requested,https://archive.icann.org/en/tlds/tld-applications-lodged-02oct00.htm,selected,selected-in-proof-of-concept-round,,https://www.icann.org/en/announcements/details/icann-announces-selections-for-new-top-level-domains-16-11-2000-en,,,no,
2000,2000-022,.xing,item-e2-requested,https://archive.icann.org/en/tlds/tld-applications-lodged-02oct00.htm,selected,selected-in-proof-of-concept-round,,https://www.icann.org/en/announcements/details/icann-announces-selections-for-new-top-level-domains-16-11-2000-en,,,no,
2000,2000-023,.kids,item-e2-requested,https://archive.icann.org/en/tlds/tld-applications-lodged-02oct00.htm,not-selected,not-selected-in-proof-of-concept-round,,https://www.icann.org/en/announcements/details/icann-announces-selections-for-new-top-level-domains-16-11-2000-en,,,no,
2000,2000-024,.kids,item-e2-requested,https://archive.icann.org/en/tlds/tld-applications-lodged-02oct00.htm,not-selected,not-selected-in-proof-of-concept-round,,https://www.icann.org/en/announcements/details/icann-announces-selections-for-new-top-level-domains-16-11-2000-en,,,no,
2000,2000-025,.kids,item-e2-requested,https://archive.icann.org/en/tlds/tld-applications-lodged-02oct00.htm,not-selected,not-selected-in-proof-of-concept-round,,https://www.icann.org/en/announcements/details/icann-announces-selections-for-new-top-level-domains-16-11-2000-en,,,no,
2000,2000-025,.xxx,item-e2-requested,https://archive.icann.org/en/tlds/tld-applications-lodged-02oct00.htm,not-selected,not-selected-in-proof-of-concept-round,,https://www.icann.org/en/announcements/details/icann-announces-selections-for-new-top-level-domains-16-11-2000-en,,,yes,xxx
2000,2000-026,.kids,item-e2-requested,https://archive.icann.org/en/tlds/tld-applications-lodged-02oct00.htm,not-selected,not-selected-in-proof-of-concept-round,,https://www.icann.org/en/announcements/details/icann-announces-selections-for-new-top-level-domains-16-11-2000-en,,,no,
2000,2000-027,.law,item-e2-requested,https://archive.icann.org/en/tlds/tld-applications-lodged-02oct00.htm,not-selected,not-selected-in-proof-of-concept-round,,https://www.icann.org/en/announcements/details/icann-announces-selections-for-new-top-level-domains-16-11-2000-en,,,no,
2000,2000-028,.mall,item-e2-requested,https://archive.icann.org/en/tlds/tld-applications-lodged-02oct00.htm,not-selected,not-selected-in-proof-of-concept-round,,https://www.icann.org/en/announcements/details/icann-announces-selections-for-new-top-level-domains-16-11-2000-en,,,no,
2000,2000-028,.shop,item-e2-requested,https://archive.icann.org/en/tlds/tld-applications-lodged-02oct00.htm,not-selected,not-selected-in-proof-of-concept-round,,https://www.icann.org/en/announcements/details/icann-announces-selections-for-new-top-level-domains-16-11-2000-en,,,no,
2000,2000-028,.svc,item-e2-requested,https://archive.icann.org/en/tlds/tld-applications-lodged-02oct00.htm,not-selected,not-selected-in-proof-of-concept-round,,https://www.icann.org/en/announcements/details/icann-announces-selections-for-new-top-level-domains-16-11-2000-en,,,no,
2000,2000-029,.mas,item-e2-requested,https://archive.icann.org/en/tlds/tld-applications-lodged-02oct00.htm,not-selected,not-selected-in-proof-of-concept-round,,https://www.icann.org/en/announcements/details/icann-announces-selections-for-new-top-level-domains-16-11-2000-en,,,no,
2000,2000-029,.max,item-e2-requested,https://archive.icann.org/en/tlds/tld-applications-lodged-02oct00.htm,not-selected,not-selected-in-proof-of-concept-round,,https://www.icann.org/en/announcements/details/icann-announces-selections-for-new-top-level-domains-16-11-2000-en,,,no,
2000,2000-029,.mid,item-e2-requested,https://archive.icann.org/en/tlds/tld-applications-lodged-02oct00.htm,not-selected,not-selected-in-proof-of-concept-round,,https://www.icann.org/en/announcements/details/icann-announces-selections-for-new-top-level-domains-16-11-2000-en,,,no,
2000,2000-029,.mis,item-e2-requested,https://archive.icann.org/en/tlds/tld-applications-lodged-02oct00.htm,not-selected,not-selected-in-proof-of-concept-round,,https://www.icann.org/en/announcements/details/icann-announces-selections-for-new-top-level-domains-16-11-2000-en,,,no,
2000,2000-029,.mobi,item-e2-requested,https://archive.icann.org/en/tlds/tld-applications-lodged-02oct00.htm,not-selected,not-selected-in-proof-of-concept-round,,https://www.icann.org/en/announcements/details/icann-announces-selections-for-new-top-level-domains-16-11-2000-en,,,no,
2000,2000-029,.mobile,item-e2-requested,https://archive.icann.org/en/tlds/tld-applications-lodged-02oct00.htm,not-selected,not-selected-in-proof-of-concept-round,,https://www.icann.org/en/announcements/details/icann-announces-selections-for-new-top-level-domains-16-11-2000-en,,,no,
2000,2000-029,.now,item-e2-requested,https://archive.icann.org/en/tlds/tld-applications-lodged-02oct00.htm,not-selected,not-selected-in-proof-of-concept-round,,https://www.icann.org/en/announcements/details/icann-announces-selections-for-new-top-level-domains-16-11-2000-en,,,no,
2000,2000-029,.own,item-e2-requested,https://archive.icann.org/en/tlds/tld-applications-lodged-02oct00.htm,not-selected,not-selected-in-proof-of-concept-round,,https://www.icann.org/en/announcements/details/icann-announces-selections-for-new-top-level-domains-16-11-2000-en,,,no,
2000,2000-030,.mus,item-e2-requested,https://archive.icann.org/en/tlds/tld-applications-lodged-02oct00.htm,selected,selected-in-proof-of-concept-round,,https://www.icann.org/en/announcements/details/icann-announces-selections-for-new-top-level-domains-16-11-2000-en,,,no,
2000,2000-030,.muse,item-e2-requested,https://archive.icann.org/en/tlds/tld-applications-lodged-02oct00.htm,selected,selected-in-proof-of-concept-round,,https://www.icann.org/en/announcements/details/icann-announces-selections-for-new-top-level-domains-16-11-2000-en,,,no,
2000,2000-030,.musea,item-e2-requested,https://archive.icann.org/en/tlds/tld-applications-lodged-02oct00.htm,selected,selected-in-proof-of-concept-round,,https://www.icann.org/en/announcements/details/icann-announces-selections-for-new-top-level-domains-16-11-2000-en,,,no,
2000,2000-030,.museum,item-e2-requested,https://archive.icann.org/en/tlds/tld-applications-lodged-02oct00.htm,selected,selected-in-proof-of-concept-round,,https://www.icann.org/en/announcements/details/icann-announces-selections-for-new-top-level-domains-16-11-2000-en,,,no,
2000,2000-030,.museums,item-e2-requested,https://archive.icann.org/en/tlds/tld-applications-lodged-02oct00.htm,selected,selected-in-proof-of-concept-round,,https://www.icann.org/en/announcements/details/icann-announces-selections-for-new-top-level-domains-16-11-2000-en,,,no,
2000,2000-031,.nom,item-e2-requested,https://archive.icann.org/en/tlds/tld-applications-lodged-02oct00.htm,not-selected,not-selected-in-proof-of-concept-round,,https://www.icann.org/en/announcements/details/icann-announces-selections-for-new-top-level-domains-16-11-2000-en,,,no,
2000,2000-032,.nom,item-e2-requested,https://archive.icann.org/en/tlds/tld-applications-lodged-02oct00.htm,not-selected,not-selected-in-proof-of-concept-round,,https://www.icann.org/en/announcements/details/icann-announces-selections-for-new-top-level-domains-16-11-2000-en,,,no,
2000,2000-033,.number,item-e2-requested,https://archive.icann.org/en/tlds/tld-applications-lodged-02oct00.htm,returned,application-fee-not-paid,fees-2000,https://archive.icann.org/en/tlds/tld-review-update-13oct00.htm,,,no,
2000,2000-033,.tel,item-e2-requested,https://archive.icann.org/en/tlds/tld-applications-lodged-02oct00.htm,returned,application-fee-not-paid,fees-2000,https://archive.icann.org/en/tlds/tld-review-update-13oct00.htm,,,no,
2000,2000-033,.phone,item-e2-requested,https://archive.icann.org/en/tlds/tld-applications-lodged-02oct00.htm,returned,application-fee-not-paid,fees-2000,https://archive.icann.org/en/tlds/tld-review-update-13oct00.htm,,,no,
2000,2000-034,.nyc,item-e2-requested,https://archive.icann.org/en/tlds/tld-applications-lodged-02oct00.htm,withdrawn,confidentiality-claims-unresolved,nyc-2000,https://archive.icann.org/en/tlds/tld-review-update-13oct00.htm,,,no,
2000,2000-035,.one,item-e2-requested,https://archive.icann.org/en/tlds/tld-applications-lodged-02oct00.htm,not-selected,not-selected-in-proof-of-concept-round,,https://www.icann.org/en/announcements/details/icann-announces-selections-for-new-top-level-domains-16-11-2000-en,,,no,
2000,2000-036,.per,item-e2-requested,https://archive.icann.org/en/tlds/tld-applications-lodged-02oct00.htm,not-selected,not-selected-in-proof-of-concept-round,,https://www.icann.org/en/announcements/details/icann-announces-selections-for-new-top-level-domains-16-11-2000-en,,,no,
2000,2000-037,.pid,item-e2-requested,https://archive.icann.org/en/tlds/tld-applications-lodged-02oct00.htm,not-selected,not-selected-in-proof-of-concept-round,,https://www.icann.org/en/announcements/details/icann-announces-selections-for-new-top-level-domains-16-11-2000-en,,,no,
2000,2000-038,.post,item-e2-requested,https://archive.icann.org/en/tlds/tld-applications-lodged-02oct00.htm,not-selected,not-selected-in-proof-of-concept-round,,https://www.icann.org/en/announcements/details/icann-announces-selections-for-new-top-level-domains-16-11-2000-en,,,no,
2000,2000-039,.pro,item-e2-requested,https://archive.icann.org/en/tlds/tld-applications-lodged-02oct00.htm,not-selected,not-selected-in-proof-of-concept-round,,https://www.icann.org/en/announcements/details/icann-announces-selections-for-new-top-level-domains-16-11-2000-en,,,no,
2000,2000-040,.pro,item-e2-requested,https://archive.icann.org/en/tlds/tld-applications-lodged-02oct00.htm,selected,selected-in-proof-of-concept-round,,https://www.icann.org/en/announcements/details/icann-announces-selections-for-new-top-level-domains-16-11-2000-en,,,no,
2000,2000-041,.tel,item-e2-requested,https://archive.icann.org/en/tlds/tld-applications-lodged-02oct00.htm,not-selected,not-selected-in-proof-of-concept-round,,https://www.icann.org/en/announcements/details/icann-announces-selections-for-new-top-level-domains-16-11-2000-en,,,no,
2000,2000-042,.tel,item-e2-requested,https://archive.icann.org/en/tlds/tld-applications-lodged-02oct00.htm,not-selected,not-selected-in-proof-of-concept-round,,https://www.icann.org/en/announcements/details/icann-announces-selections-for-new-top-level-domains-16-11-2000-en,,,no,
2000,2000-043,.tel,item-e2-requested,https://archive.icann.org/en/tlds/tld-applications-lodged-02oct00.htm,not-selected,not-selected-in-proof-of-concept-round,,https://www.icann.org/en/announcements/details/icann-announces-selections-for-new-top-level-domains-16-11-2000-en,,,no,
2000,2000-044,.travel,item-e2-requested,https://archive.icann.org/en/tlds/tld-applications-lodged-02oct00.htm,not-selected,not-selected-in-proof-of-concept-round,,https://www.icann.org/en/announcements/details/icann-announces-selections-for-new-top-level-domains-16-11-2000-en,,,no,
2000,2000-045,.union,item-e2-requested,https://archive.icann.org/en/tlds/tld-applications-lodged-02oct00.htm,not-selected,not-selected-in-proof-of-concept-round,,https://www.icann.org/en/announcements/details/icann-announces-selections-for-new-top-level-domains-16-11-2000-en,,,no,
2000,2000-046,.wap,item-e2-requested,https://archive.icann.org/en/tlds/tld-applications-lodged-02oct00.htm,returned,application-fee-not-paid,fees-2000,https://archive.icann.org/en/tlds/tld-review-update-13oct00.htm,,,no,
2000,2000-047,.web,item-e2-requested,https://archive.icann.org/en/tlds/tld-applications-lodged-02oct00.htm,not-selected,not-selected-in-proof-of-concept-round,,https://www.icann.org/en/announcements/details/icann-announces-selections-for-new-top-level-domains-16-11-2000-en,,,no,
2000,2000-003,.aer,mentioned-alternative,https://archive.icann.org/en/tlds/tld-applications-lodged-02oct00.htm,selected,selected-in-proof-of-concept-round,,https://www.icann.org/en/announcements/details/icann-announces-selections-for-new-top-level-domains-16-11-2000-en,,,no,
2000,2000-003,.aero,mentioned-alternative-selected,https://archive.icann.org/en/tlds/tld-applications-lodged-02oct00.htm,selected,selected-in-proof-of-concept-round,,https://www.icann.org/en/announcements/details/icann-announces-selections-for-new-top-level-domains-16-11-2000-en,,,no,
