round,string,applications,source,note
2012,.app,13,https://newgtlds.icann.org/en/applicants/auctions,Historical exact-string application count used as the 2012 benchmark.
2012,.home,11,https://newgtlds.icann.org/en/applicants/auctions,Historical exact-string application count used as the 2012 benchmark.
2012,.inc,11,https://newgtlds.icann.org/en/applicants/auctions,Historical exact-string application count used as the 2012 benchmark.
2012,.art,10,https://newgtlds.icann.org/en/applicants/auctions,Historical exact-string application count used as the 2012 benchmark.
2012,.blog,9,https://newgtlds.icann.org/en/applicants/auctions,Historical exact-string application count used as the 2012 benchmark.
2012,.book,9,https://newgtlds.icann.org/en/applicants/auctions,Historical exact-string application count used as the 2012 benchmark.
2012,.llc,9,https://newgtlds.icann.org/en/applicants/auctions,Historical exact-string application count used as the 2012 benchmark.
2012,.shop,9,https://newgtlds.icann.org/en/applicants/auctions,Historical exact-string application count used as the 2012 benchmark.
2012,.design,8,https://newgtlds.icann.org/en/applicants/auctions,Historical exact-string application count used as the 2012 benchmark.
2012,.movie,8,https://newgtlds.icann.org/en/applicants/auctions,Historical exact-string application count used as the 2012 benchmark.
2012,.music,8,https://newgtlds.icann.org/en/applicants/auctions,Historical exact-string application count used as the 2012 benchmark.
2026,.agent,13,https://www.ntlddata.com/applications,Derived from public 2026 application records; preliminary during the Replacement Period and until String Confirmation Day.
2026,.bit,11,https://www.ntlddata.com/applications,Derived from public 2026 application records; preliminary during the Replacement Period and until String Confirmation Day.
2026,.api,10,https://www.ntlddata.com/applications,Derived from public 2026 application records; preliminary during the Replacement Period and until String Confirmation Day.
2026,.brand,10,https://www.ntlddata.com/applications,Derived from public 2026 application records; preliminary during the Replacement Period and until String Confirmation Day.
2026,.hub,10,https://www.ntlddata.com/applications,Derived from public 2026 application records; preliminary during the Replacement Period and until String Confirmation Day.
2026,.pop,9,https://www.ntlddata.com/applications,Derived from public 2026 application records; preliminary during the Replacement Period and until String Confirmation Day.
2026,.robot,9,https://www.ntlddata.com/applications,Derived from public 2026 application records; preliminary during the Replacement Period and until String Confirmation Day.
2026,.max,8,https://www.ntlddata.com/applications,Derived from public 2026 application records; preliminary during the Replacement Period and until String Confirmation Day.
2026,.official,8,https://www.ntlddata.com/applications,Derived from public 2026 application records; preliminary during the Replacement Period and until String Confirmation Day.
2026,.pod,8,https://www.ntlddata.com/applications,Derived from public 2026 application records; preliminary during the Replacement Period and until String Confirmation Day.
2026,.zen,8,https://www.ntlddata.com/applications,Derived from public 2026 application records; preliminary during the Replacement Period and until String Confirmation Day.
2026,.agi,7,https://www.ntlddata.com/applications,Derived from public 2026 application records; preliminary during the Replacement Period and until String Confirmation Day.
2026,.ask,7,https://www.ntlddata.com/applications,Derived from public 2026 application records; preliminary during the Replacement Period and until String Confirmation Day.
2026,.connect,7,https://www.ntlddata.com/applications,Derived from public 2026 application records; preliminary during the Replacement Period and until String Confirmation Day.
2026,.firm,7,https://www.ntlddata.com/applications,Derived from public 2026 application records; preliminary during the Replacement Period and until String Confirmation Day.
