term,it,en,source
TLD / Top-Level Domain,"La parte finale di un indirizzo Internet, ad esempio .ch, .com o .lugano.","The final part of an Internet address, such as .ch, .com or .lugano.",https://www.iana.org/domains/root
ICANN,Organizzazione globale non-profit che coordina il sistema dei nomi e il quadro delle politiche e dei contratti per i gTLD.,The global nonprofit coordinating the domain-name system and the policy/contract framework for gTLDs.,https://www.icann.org/
IANA / PTI,Funzione tecnica che mantiene la root zone e coordina la delegazione dei TLD.,The technical function that maintains the root zone and coordinates TLD delegation.,https://www.iana.org/domains/root
Registry operator,Soggetto responsabile delle regole operative e del database autorevole di un TLD.,The entity responsible for operating a TLD and its authoritative registry database.,https://newgtldprogram.icann.org/en/application-rounds/round2/applicant-journey
Registry Service Provider (RSP),Fornitore dei servizi tecnici critici necessari al funzionamento di un registro.,Provider of critical technical services needed to operate a registry.,https://newgtldprogram.icann.org/en/application-rounds/round2/2026-round-general/application-evaluation/faqs/general/what-are-the-components-of-application-evaluation
Registrar,Intermediario accreditato attraverso cui normalmente si registrano e gestiscono i nomi di dominio.,Accredited intermediary through which domain names are normally registered and managed.,https://www.icann.org/registrants
Registrant,Persona o organizzazione che registra un nome di dominio.,Person or organization that registers a domain name.,https://www.icann.org/registrants
Delegation,"Inserimento tecnico del TLD nella root DNS, che lo rende attivo nel sistema globale dei nomi.","Technical insertion of the TLD into the DNS root, making it active in the global naming system.",https://www.iana.org/help/gtld-delegation
Contention set,Gruppo di candidature in concorrenza per stringhe identiche o confondibili che devono essere risolte prima di procedere.,A set of applications competing for identical or confusingly similar strings that must be resolved before proceeding.,https://newgtldprogram.icann.org/en/application-rounds/round2/applicant-journey
