string,period,status,type,entity,geography,current,provenance,sources
.amsterdam,2012,delegated,geographic,Amsterdam,Amsterdam,yes,,https://www.iana.org/domains/root/db
.app,2012,application,generic,,,yes,,https://newgtlds.icann.org/en/program-status/statistics
.arpa,legacy,delegated,infrastructure,IANA / PTI,United States,yes,,https://www.iana.org/domains/root/db
.art,2012,application,generic,,,yes,,https://newgtlds.icann.org/en/program-status/statistics
.asia,2004,delegated,sponsored,DotAsia Organisation Limited,"Hong Kong, China",yes,,https://www.icann.org/en/announcements/details/icann-progress-in-process-for-introducing-new-sponsored-top-level-domains-19-3-2004-en
.bank,2012,delegated,generic,,,yes,,https://ftld.com/security/
.barcelona,2012,delegated,geographic,Barcelona,Barcelona,yes,,https://www.iana.org/domains/root/db
.beer,2012,delegated,application,,,yes,,https://www.iana.org/domains/root/db/beer.html
.berlin,1999,idea,geographic,dotBERLIN / Berlin,Berlin,no,,https://newgtlds.icann.org/en/announcements-and-media/case-studies/berlin-a4-13feb19-en.pdf
.berlin,2012,application,geographic,Berlin,Berlin,no,,https://newgtlds.icann.org/en/program-status/statistics
.berlin,2014,delegated,geographic,Berlin,Berlin,yes,,https://newgtlds.icann.org/en/announcements-and-media/case-studies/berlin-a4-13feb19-en.pdf
.bible,2012,delegated,application,,,yes,,https://www.iana.org/domains/root/db/bible.html
.blog,2012,application,generic,,,yes,,https://newgtlds.icann.org/en/program-status/statistics
.book,2012,application,generic,,,yes,,https://newgtlds.icann.org/en/program-status/statistics
.cat,2004,application,sponsored,Fundació puntCAT,Spain / Catalan-speaking community,no,,https://www.icann.org/en/announcements/details/icann-progress-in-process-for-introducing-new-sponsored-top-level-domains-19-3-2004-en
.cat,2005,delegated,sponsored,Fundació puntCAT,Spain / Catalan-speaking community,yes,,https://46-8.dc.icann.org/reports/2005/cat-report-18nov2005.html
.com,legacy,delegated,generic,Verisign,United States,yes,,https://www.iana.org/domains/root/db
.dating,2012,delegated,application,,,yes,,https://www.iana.org/domains/root/db/dating.html
.design,2012,application,generic,,,yes,,https://newgtlds.icann.org/en/program-status/statistics
.eco,2012,delegated,generic,,,yes,,https://go.eco/policies/eligibility/
.edu,legacy,delegated,sponsored,,United States,yes,,https://www.iana.org/domains/root/db
.fail,2012,delegated,application,,,yes,,https://www.iana.org/domains/root/db/fail.html
.geo,2000,evaluated,application,,,yes,,https://archive.icann.org/en/tlds/
.gop,2012,delegated,application,,,yes,,https://www.iana.org/domains/root/db/gop.html
.gov,legacy,delegated,sponsored,CISA,United States,yes,,https://www.iana.org/domains/root/db | https://get.gov/domains/eligibility/
.guru,2012,delegated,application,,,yes,,https://www.iana.org/domains/root/db/guru.html
.hamburg,2012,delegated,geographic,Hamburg,Hamburg,yes,,https://www.iana.org/domains/root/db
.health,2000,evaluated,application,,,yes,,https://archive.icann.org/en/tlds/health1/icann-index.htm | https://archive.icann.org/en/tlds/
.home,2012,application,generic,,,yes,,https://newgtlds.icann.org/en/program-status/statistics
.inc,2012,application,generic,,,yes,,https://newgtlds.icann.org/en/program-status/statistics
.insurance,2012,delegated,generic,,,yes,,https://ftld.com/security/
.int,legacy,delegated,sponsored,IANA / PTI,,yes,,https://www.iana.org/domains/root/db
.jobs,2004,delegated,sponsored,Society for Human Resource Management,United States,yes,,https://www.icann.org/en/announcements/details/icann-progress-in-process-for-introducing-new-sponsored-top-level-domains-19-3-2004-en
.kids,2000,evaluated,application,,,yes,,https://archive.icann.org/en/tlds/kids1/ | https://archive.icann.org/en/tlds/kids2/ | https://archive.icann.org/en/tlds/kids3/ | https://archive.icann.org/en/tlds/kids4/ | https://archive.icann.org/en/tlds/
.koeln,2012,delegated,geographic,Cologne,Cologne,yes,,https://www.iana.org/domains/root/db
.lgbt,2012,delegated,application,,,yes,,https://www.iana.org/domains/root/db/lgbt.html
.llc,2012,application,generic,,,yes,,https://newgtlds.icann.org/en/program-status/statistics
.london,2012,delegated,geographic,London,London,yes,,https://www.iana.org/domains/root/db
.lugano,2026,application,geographic,City of Lugano,Switzerland,yes,applicantDisclosure · 2026-10-02,
.magic,2000,proposed,application,,,yes,,https://archive.icann.org/en/tlds/ads1/
.mail,2004,notDelegated,sponsored,Anti-Spam Community Registry,United Kingdom,yes,,https://www.icann.org/en/announcements/details/icann-progress-in-process-for-introducing-new-sponsored-top-level-domains-19-3-2004-en
.mil,legacy,delegated,sponsored,,United States,yes,,https://www.iana.org/domains/root/db
.mobi,2004,delegated,sponsored,Mobi JV,Finland,yes,,https://www.icann.org/en/announcements/details/icann-progress-in-process-for-introducing-new-sponsored-top-level-domains-19-3-2004-en
.movie,2012,application,generic,,,yes,,https://newgtlds.icann.org/en/program-status/statistics
.museum,2000,selected,application,,,yes,,https://archive.icann.org/en/tlds/
.music,2012,application,generic,,,yes,,https://newgtlds.icann.org/en/program-status/statistics
.name,2000,selected,application,,,yes,,https://archive.icann.org/en/tlds/
.net,legacy,delegated,generic,Verisign,United States,yes,,https://www.iana.org/domains/root/db
.ninja,2012,delegated,application,,,yes,,https://www.iana.org/domains/root/db/ninja.html
.nyc,2000,withdrawn,geographic,,New York,no,,https://www.icann.org/en/announcements/details/tld-application-review-update-23-10-2000-en
.nyc,2012,application,geographic,City of New York,New York,no,,https://newgtlds.icann.org/en/program-status/statistics
.nyc,2014,delegated,geographic,City of New York,New York,yes,,https://www.iana.org/domains/root/db/nyc.html
.org,legacy,delegated,generic,,,yes,,https://www.iana.org/domains/root/db
.paris,2012,delegated,geographic,Paris,Paris,yes,,https://www.iana.org/domains/root/db
.pharmacy,2012,delegated,generic,,,yes,,https://nabp.pharmacy/help/is-domain-name-registration-in-the-pharmacy-tld-restricted/
.pizza,2012,delegated,application,,,yes,,https://www.iana.org/domains/root/db/pizza.html
.post,2004,application,sponsored,Universal Postal Union,Switzerland,no,,https://www.icann.org/en/announcements/details/icann-progress-in-process-for-introducing-new-sponsored-top-level-domains-19-3-2004-en
.post,2012,delegated,sponsored,Universal Postal Union,Switzerland,yes,,https://www.iana.org/domains/root/db/post.html
.quebec,2012,delegated,geographic,Quebec,Quebec,yes,,https://www.iana.org/domains/root/db
.rich,2012,delegated,application,,,yes,,https://www.iana.org/domains/root/db/rich.html
.shop,2012,application,generic,,,yes,,https://newgtlds.icann.org/en/program-status/statistics
.soup,2000,proposed,application,,,yes,,https://archive.icann.org/en/tlds/ads1/
.sucks,2000,proposed,application,,,no,,https://archive.icann.org/en/tlds/ads1/
.sucks,2012,application,generic,,,no,,https://newgtlds.icann.org/en/program-status/statistics
.sucks,current,delegated,generic,,,yes,,https://www.iana.org/domains/root/db/sucks.html
.swiss,2012,delegated,generic,,,yes,,https://www.nic.swiss/en/conditions-for-the-registration-and-the-registration-process
.tel,2004,application,sponsored,Telname Limited,United Kingdom,no,,https://www.icann.org/en/announcements/details/icann-progress-in-process-for-introducing-new-sponsored-top-level-domains-19-3-2004-en
.tel,2004,delegated,sponsored,Telnic Limited,United Kingdom,yes,,https://www.icann.org/en/announcements/details/icann-progress-in-process-for-introducing-new-sponsored-top-level-domains-19-3-2004-en
.tokyo,2012,delegated,geographic,Tokyo,Tokyo,yes,,https://www.iana.org/domains/root/db
.travel,2004,delegated,sponsored,The Travel Partnership Corporation,United States,yes,,https://www.icann.org/en/announcements/details/icann-progress-in-process-for-introducing-new-sponsored-top-level-domains-19-3-2004-en
.union,2000,evaluated,application,,,yes,,https://archive.icann.org/en/tlds/union1/ | https://archive.icann.org/en/tlds/
.wap,2000,returned,application,,,yes,,https://archive.icann.org/en/tlds/
.war,2000,proposed,application,,,yes,,https://archive.icann.org/en/tlds/ads1/
.wien,2012,delegated,geographic,Vienna,Vienna,yes,,https://www.iana.org/domains/root/db
.wtf,2012,delegated,application,,,yes,,https://www.iana.org/domains/root/db/wtf.html
.xxx,2004,application,sponsored,ICM Registry,Canada / United States,no,,https://www.icann.org/en/announcements/details/icann-progress-in-process-for-introducing-new-sponsored-top-level-domains-19-3-2004-en
.xxx,2011,delegated,sponsored,ICM Registry,Canada / United States,yes,,https://www.iana.org/domains/root/db/xxx.html
.zuerich,2012,delegated,geographic,Canton of Zurich,Canton of Zurich,yes,,https://www.iana.org/domains/root/db
