case_id,strings,period,categories,mechanisms,question_key,fact_key,reading_key,outcome_key,sources
xxx,.xxx,2000–2011,caseCategoryPublicPolicy | caseCategoryAccountability,board | accountability,caseXxxQuestion,caseXxxFact,caseXxxReading,caseXxxOutcome,https://www.icann.org/en/reviews/affirmation/atrt-final-recommendations-31dec10-en.pdf | https://www.iana.org/domains/root/db/xxx.html
amazon,.amazon | .亚马逊 | .アマゾン,2012–2020,caseCategoryGeography | caseCategoryGovernment | caseCategoryAccountability,gac | accountability | board,caseAmazonQuestion,caseAmazonFact,caseAmazonReading,caseAmazonOutcome,https://www.icann.org/en/board-activities-and-meetings/materials/approved-resolutions-regular-meeting-of-the-icann-board-10-03-2019-en | https://www.icann.org/en/board-activities-and-meetings/materials/approved-resolutions-special-meeting-of-the-icann-board-15-05-2019-en | https://www.iana.org/domains/root/db/amazon.html
africa,.africa,2012–2017,caseCategoryGeography | caseCategoryGovernment | caseCategoryAccountability,gac | accountability | board,caseAfricaQuestion,caseAfricaFact,caseAfricaReading,caseAfricaOutcome,https://www.icann.org/en/announcements/details/independent-review-panel-finds-in-favor-of-dca-trust-makes-recommendation-to-icanns-board-to-resume-evaluation-of-dcas-application-10-7-2015-en | https://www.icann.org/en/board-activities-and-meetings/materials/approved-resolutions-regular-meeting-of-the-icann-board-03-03-2016-en | https://www.iana.org/domains/root/db/africa.html
web,.web,2012–2026,caseCategoryCompetition | caseCategoryEconomicControl | caseCategoryAccountability,auction | accountability | board,caseWebQuestion,caseWebFact,caseWebReading,caseWebOutcome,https://www.icann.org/en/announcements/details/results-available-for-27-july-2016-new-gtld-program-auction-28-7-2016-en | https://www.icann.org/en/board-activities-and-meetings/materials/approved-resolutions-regular-meeting-of-the-icann-board-10-03-2022-en | https://www.iana.org/domains/root/db/web.html
winevin,.wine | .vin,2012–2015,caseCategoryGeography | caseCategoryLegalRights | caseCategoryGovernment,gac | board,caseWineQuestion,caseWineFact,caseWineReading,caseWineOutcome,https://www.icann.org/en/board-activities-and-meetings/materials/approved-resolutions-meeting-of-the-new-gtld-program-22-03-2014-en | https://www.icann.org/en/board-activities-and-meetings/materials/approved-resolutions-meeting-of-the-new-gtld-program-06-06-2014-en | https://www.iana.org/domains/root/db/wine.html | https://www.iana.org/domains/root/db/vin.html
patagonia,.patagonia,2012–2013,caseCategoryGeography | caseCategoryLegalRights,gac | objection,casePatagoniaQuestion,casePatagoniaFact,casePatagoniaReading,casePatagoniaOutcome,https://gtldresult.icann.org/applicationstatus/applicationdetails/1466 | https://newgtlds.icann.org/en/program-status/odr/determination
islamhalal,.islam | .halal,2012–2018,caseCategoryCommunity | caseCategoryReligion | caseCategoryGovernment | caseCategoryAccountability,gac | objection | accountability | board,caseIslamQuestion,caseIslamFact,caseIslamReading,caseIslamOutcome,https://www.icann.org/en/board-activities-and-meetings/materials/approved-resolutions-special-meeting-of-the-icann-board-03-10-2018-en | https://www.icann.org/en/board-activities-and-meetings/materials/approved-resolutions-regular-meeting-of-the-icann-board-15-03-2018-en
merck,.merck | .emerck | .merckmsd,2012–2026,caseCategoryLegalRights | caseCategoryCompetition | caseCategoryAccountability,objection | cpe | accountability,caseMerckQuestion,caseMerckFact,caseMerckReading,caseMerckOutcome,https://newgtlds.icann.org/en/program-status/odr/filings | https://newgtlds.icann.org/en/program-status/odr/determination | https://www.icann.org/resources/pages/accountability/irp-en | https://www.iana.org/domains/root/db/merck.html
music,.music,2012–2021,caseCategoryCommunity | caseCategoryCompetition,cpe | objection | board,caseMusicQuestion,caseMusicFact,caseMusicReading,caseMusicOutcome,https://newgtlds.icann.org/en/program-status/odr/filings | https://newgtlds.icann.org/en/applicants/cpe | https://www.icann.org/resources/pages/reconsideration-16-5-dotmusic-request-2016-02-25-en | https://www.icann.org/en/registry-agreements/details/music | https://www.iana.org/domains/root/db/music.html
