case_id,strings,period,event_key,sources
xxx,.xxx,2000,caseXxxEvent1,https://www.icann.org/en/reviews/affirmation/atrt-final-recommendations-31dec10-en.pdf
xxx,.xxx,2005,caseXxxEvent2,https://www.icann.org/en/reviews/affirmation/atrt-final-recommendations-31dec10-en.pdf
xxx,.xxx,2007,caseXxxEvent3,https://www.icann.org/en/reviews/affirmation/atrt-final-recommendations-31dec10-en.pdf
xxx,.xxx,2008–2010,caseXxxEvent4,https://www.icann.org/en/reviews/affirmation/atrt-final-recommendations-31dec10-en.pdf
xxx,.xxx,2011,caseXxxEvent5,https://www.iana.org/domains/root/db/xxx.html
amazon,.amazon | .亚马逊 | .アマゾン,2012,caseAmazonEvent1,https://www.icann.org/en/board-activities-and-meetings/materials/approved-resolutions-regular-meeting-of-the-icann-board-10-03-2019-en
amazon,.amazon | .亚马逊 | .アマゾン,2013–2014,caseAmazonEvent2,https://www.icann.org/en/board-activities-and-meetings/materials/approved-resolutions-regular-meeting-of-the-icann-board-10-03-2019-en
amazon,.amazon | .亚马逊 | .アマゾン,2016–2017,caseAmazonEvent3,https://www.icann.org/en/board-activities-and-meetings/materials/approved-resolutions-regular-meeting-of-the-icann-board-29-10-2017-en
amazon,.amazon | .亚马逊 | .アマゾン,2019,caseAmazonEvent4,https://www.icann.org/en/board-activities-and-meetings/materials/approved-resolutions-special-meeting-of-the-icann-board-15-05-2019-en
amazon,.amazon | .亚马逊 | .アマゾン,2020,caseAmazonEvent5,https://www.iana.org/domains/root/db/amazon.html
africa,.africa,2012,caseAfricaEvent1,https://www.icann.org/en/board-activities-and-meetings/materials/approved-resolutions-regular-meeting-of-the-icann-board-03-03-2016-en
africa,.africa,2013,caseAfricaEvent2,https://www.icann.org/en/board-activities-and-meetings/materials/approved-resolutions-regular-meeting-of-the-icann-board-03-03-2016-en
africa,.africa,2015,caseAfricaEvent3,https://www.icann.org/en/announcements/details/independent-review-panel-finds-in-favor-of-dca-trust-makes-recommendation-to-icanns-board-to-resume-evaluation-of-dcas-application-10-7-2015-en
africa,.africa,2016,caseAfricaEvent4,https://www.icann.org/en/board-activities-and-meetings/materials/approved-resolutions-regular-meeting-of-the-icann-board-03-03-2016-en
africa,.africa,2017,caseAfricaEvent5,https://www.iana.org/domains/root/db/africa.html
web,.web,2012,caseWebEvent1,https://www.icann.org/en/board-activities-and-meetings/materials/approved-resolutions-regular-meeting-of-the-icann-board-10-03-2022-en
web,.web,2016,caseWebEvent2,https://www.icann.org/en/announcements/details/results-available-for-27-july-2016-new-gtld-program-auction-28-7-2016-en
web,.web,2016,caseWebEvent3,https://www.icann.org/en/board-activities-and-meetings/materials/approved-resolutions-regular-meeting-of-the-icann-board-10-03-2022-en
web,.web,2018–2021,caseWebEvent4,https://www.icann.org/resources/pages/irp-afilias-v-icann-2018-11-30-en
web,.web,2026,caseWebEvent5,https://www.iana.org/domains/root/db/web.html
winevin,.wine | .vin,2012,caseWineEvent1,https://www.icann.org/en/board-activities-and-meetings/materials/approved-resolutions-meeting-of-the-new-gtld-program-06-06-2014-en
winevin,.wine | .vin,2013,caseWineEvent2,https://www.icann.org/en/board-activities-and-meetings/materials/approved-resolutions-meeting-of-the-new-gtld-program-06-06-2014-en
winevin,.wine | .vin,2014,caseWineEvent3,https://www.icann.org/en/board-activities-and-meetings/materials/approved-resolutions-meeting-of-the-new-gtld-program-22-03-2014-en
winevin,.wine | .vin,2015,caseWineEvent4,https://www.iana.org/domains/root/db/wine.html | https://www.iana.org/domains/root/db/vin.html
patagonia,.patagonia,2012,casePatagoniaEvent1,https://gtldresult.icann.org/applicationstatus/applicationdetails/1466
patagonia,.patagonia,2012–2013,casePatagoniaEvent2,https://gtldresult.icann.org/applicationstatus/applicationdetails/1466 | https://newgtlds.icann.org/en/program-status/odr/determination
patagonia,.patagonia,2013,casePatagoniaEvent3,https://gtldresult.icann.org/applicationstatus/applicationdetails/1466
islamhalal,.islam | .halal,2012,caseIslamEvent1,https://www.icann.org/en/board-activities-and-meetings/materials/approved-resolutions-special-meeting-of-the-icann-board-03-10-2018-en
islamhalal,.islam | .halal,2013–2014,caseIslamEvent2,https://www.icann.org/en/board-activities-and-meetings/materials/approved-resolutions-special-meeting-of-the-icann-board-03-10-2018-en
islamhalal,.islam | .halal,2017,caseIslamEvent3,https://www.icann.org/en/board-activities-and-meetings/materials/approved-resolutions-regular-meeting-of-the-icann-board-15-03-2018-en
islamhalal,.islam | .halal,2018,caseIslamEvent4,https://www.icann.org/en/board-activities-and-meetings/materials/approved-resolutions-special-meeting-of-the-icann-board-03-10-2018-en
merck,.merck | .emerck | .merckmsd,2012,caseMerckEvent1,https://newgtlds.icann.org/en/program-status/odr/filings
merck,.merck | .emerck | .merckmsd,2013,caseMerckEvent2,https://newgtlds.icann.org/en/program-status/odr/determination
merck,.merck | .emerck | .merckmsd,2016,caseMerckEvent3,https://newgtlds.icann.org/en/applicants/cpe | https://www.icann.org/resources/pages/accountability/irp-en
merck,.merck | .emerck | .merckmsd,2026,caseMerckEvent4,https://www.iana.org/domains/root/db/merck.html
music,.music,2012,caseMusicEvent1,https://newgtlds.icann.org/en/program-status/odr/filings
music,.music,2014–2016,caseMusicEvent2,https://newgtlds.icann.org/en/applicants/cpe
music,.music,2016–2019,caseMusicEvent3,https://www.icann.org/resources/pages/reconsideration-16-5-dotmusic-request-2016-02-25-en
music,.music,2021,caseMusicEvent4,https://www.icann.org/en/registry-agreements/details/music | https://www.iana.org/domains/root/db/music.html
