Name,Type,Latitude,Longitude,Source
ICANN HQ + PTI/IANA,core,33.98,-118.43,https://www.icann.org/locations?v=1
Verisign · Root Zone Maintainer,core,38.9586,-77.357,https://www.verisign.com/what-we-do/root-zone-maintainer/
ICANN Brussels,regional,50.8466,4.3528,https://www.icann.org/locations?v=1
ICANN Istanbul,regional,41.0082,28.9784,https://www.icann.org/locations?v=1
ICANN Montevideo,regional,-34.9011,-56.1645,https://www.icann.org/locations?v=1
ICANN Singapore,regional,1.3521,103.8198,https://www.icann.org/locations?v=1
ICANN Beijing,engagement,39.9042,116.4074,https://www.icann.org/locations?v=1
ICANN Geneva,engagement,46.2044,6.1432,https://www.icann.org/locations?v=1
ICANN Nairobi,engagement,-1.2921,36.8219,https://www.icann.org/locations?v=1
"ICANN Washington, D.C.",engagement,38.9072,-77.0369,https://www.icann.org/locations?v=1
