Year,Entity,Layer,Value,Unit,Fact,Source,Interpretation
2012,Donuts,Applications,307,applications,Donuts applied through subsidiaries for 307 new gTLD strings; ICANN dispute material identifies Google with 101 applications and Amazon with 78.,https://newgtlds.icann.org/sites/default/files/drsp/25sep13/determination-1-1-1462-36448-en.pdf,Largest applicant by a wide margin. Applications are not the same as TLDs ultimately awarded or operated.
2012,Donuts,Business model,,,Donuts stated that economies of scale across many niche strings were central to its strategy.,https://33-7.lax.icann.org/en/system/files/files/donuts-witness-statements-13oct14-en.pdf,High fixed registry costs and common distribution channels can reward portfolio scale.
2017,Donuts / Rightside,Corporate consolidation,,,"Donuts acquired Rightside, expanding both TLD assets and registry capabilities.",https://www.identity.digital/company,Acquisitions can concentrate registry agreements and operating capabilities after the application round itself.
2020,Donuts / Afilias,Corporate consolidation,,,Donuts acquired Afilias in 2020.,https://www.identity.digital/newsroom/donuts-inc-and-afilias-inc-rebrand-to-identity-digital,The combination joined a large gTLD portfolio with significant registry-service infrastructure.
2022,Identity Digital,Corporate identity,,,Donuts and Afilias rebranded under the Identity Digital name.,https://www.identity.digital/newsroom/donuts-inc-and-afilias-inc-rebrand-to-identity-digital,One corporate identity now spans portfolio operations and registry-service infrastructure.
2026,Identity Digital,TLD portfolio,~300,TLDs,Identity Digital describes its portfolio as nearly 300 TLDs.,https://www.identity.digital/registrar,Portfolio scale is a measure of breadth across TLD namespaces; it is distinct from technical RSP scale and from registrations under those TLDs.
2026,Identity Digital,Current position,world's largest,TLD registry operator,ICANN describes Identity Digital as the world’s largest TLD registry operator.,https://www.icann.org/ru/ssac/members/archive/25-01-2026,This supports the current operator-scale characterization; it is not a statement about control over ICANN policy or the DNS root.
2026,Identity Digital,Registry services,460+,TLDs managed,"Identity Digital says it manages 460+ gTLDs, ccTLDs and dotBrands as a registry services provider.",https://www.identity.digital/newsroom/what-makes-a-great-registry-services-provider,Backend management can include TLDs that Identity Digital does not own or operate contractually.
2026,Identity Digital,Headquarters,"Bellevue, WA",USA,"Identity Digital lists its headquarters in Bellevue, Washington.",https://www.identity.digital/contact,Corporate headquarters are one geography; DNS serving is distributed.
2026,[official dataset],Largest legal applicant,,applications,Populate the largest 2026 legal applicant from official public ICANN application data.,https://newgtldprogram-2026-agb.icann.org/en/12-appendix-1-application-questions.html,Compare directly with Donuts’ 307 applications in 2012.
2026,[official dataset],Largest corporate group,,applications,Normalize applications by public direct / ultimate parent company where the ICANN data supports it.,https://newgtldprogram-2026-agb.icann.org/en/12-appendix-1-application-questions.html,Keep corporate-group ranking separate from legal-applicant ranking.
2026,Verisign,Registration scale,179.1M,.com + .net registrations,.com and .net together had 179.1 million registered domain names at the end of Q2 2026; .com alone had 166.6 million.,https://investor.verisign.com/news-releases/news-release-details/dnibcom-reports-internet-has-4016-million-domain-name,A small number of TLD strings can carry enormous second-level registration volume; portfolio breadth and registration depth are different forms of scale.
2026,Verisign,Root operations,2,root-server identities,IANA lists Verisign as operator of A-root and J-root; Verisign also acts as the Root Zone Maintainer implementing validated root-zone changes.,https://www.iana.org/domains/root/servers,Operational concentration at the root layer is distinct from ICANN policy-making and from ownership or operation of TLD portfolios.
