string,applicant,status,why_interesting,source_url
.biz,JVTeam LLC,selected,"One of the proof-of-concept TLDs selected in 2000","https://archive.icann.org/en/tlds/app-index.htm"
.coop,Cooperative League of the USA,selected,"A community-oriented sponsored namespace","https://archive.icann.org/en/tlds/app-index.htm"
.dubai,Dubai Technology Electronic Commerce and Media Free Zone Authority,evaluated,"An early place-based namespace proposal","https://archive.icann.org/en/tlds/app-index.htm"
.geo,SRI International,evaluated,"A strikingly early geographic namespace concept","https://archive.icann.org/en/tlds/app-index.htm"
.health,World Health Organization,evaluated,"A public-interest namespace proposed by WHO","https://archive.icann.org/en/tlds/health1/icann-index.htm"
.info,Afilias LLC,selected,"One of the proof-of-concept TLDs selected in 2000","https://archive.icann.org/en/tlds/app-index.htm"
.museum,Museum Domain Management Association,selected,"A sponsored cultural namespace","https://archive.icann.org/en/tlds/app-index.htm"
.name,The Global Name Registry Limited,selected,"Personal identity imagined directly in the namespace","https://archive.icann.org/en/tlds/app-index.htm"
.nyc,WorldNames Inc.,withdrawn,"A city-TLD application existed already in 2000; it was later withdrawn","https://archive.icann.org/en/tlds/tld-review-update-23oct00.htm"
.post,Universal Postal Union,evaluated,"Public-service infrastructure; UPU returned with .post in the 2004 round","https://archive.icann.org/en/tlds/app-index.htm"
.pro,RegistryPro Ltd.,selected,"A professional namespace","https://archive.icann.org/en/tlds/app-index.htm"
.tel,Telnic Limited,evaluated,"Telephony and communications were already visible as a namespace trend","https://archive.icann.org/en/tlds/app-index.htm"
.travel,International Air Transport Association,evaluated,"A sectoral namespace tied to travel","https://archive.icann.org/en/tlds/app-index.htm"
.web,Image Online Design,evaluated,"A strikingly literal candidate at the dawn of namespace expansion","https://archive.icann.org/en/tlds/app-index.htm"
.wap,dotWAP Domain Registry,returned,"Pure early-mobile archaeology; application returned because the fee was not paid","https://archive.icann.org/en/tlds/tld-review-update-01nov00.htm"
