string,applicant,location,outcome,source_url
.asia,DotAsia Organisation Limited,"Hong Kong, China",delegated,"https://www.icann.org/en/announcements/details/icann-progress-in-process-for-introducing-new-sponsored-top-level-domains-19-3-2004-en"
.cat,Fundació puntCAT,"Spain / Catalan-speaking community",delegated,"https://www.icann.org/en/announcements/details/icann-progress-in-process-for-introducing-new-sponsored-top-level-domains-19-3-2004-en"
.jobs,Society for Human Resource Management,"United States",delegated,"https://www.icann.org/en/announcements/details/icann-progress-in-process-for-introducing-new-sponsored-top-level-domains-19-3-2004-en"
.mail,Anti-Spam Community Registry,"United Kingdom",not delegated,"https://www.icann.org/en/announcements/details/icann-progress-in-process-for-introducing-new-sponsored-top-level-domains-19-3-2004-en"
.mobi,Mobi JV,"Finland",delegated,"https://www.icann.org/en/announcements/details/icann-progress-in-process-for-introducing-new-sponsored-top-level-domains-19-3-2004-en"
.post,Universal Postal Union,"Switzerland",delegated 2012,"https://www.iana.org/domains/root/db/post.html"
.tel,Telnic Limited,"United Kingdom",delegated,"https://www.icann.org/en/announcements/details/icann-progress-in-process-for-introducing-new-sponsored-top-level-domains-19-3-2004-en"
.tel,Telname Limited,"United Kingdom",not selected,"https://www.icann.org/en/announcements/details/icann-progress-in-process-for-introducing-new-sponsored-top-level-domains-19-3-2004-en"
.travel,The Travel Partnership Corporation,"United States",delegated,"https://www.icann.org/en/announcements/details/icann-progress-in-process-for-introducing-new-sponsored-top-level-domains-19-3-2004-en"
.xxx,ICM Registry,"Canada / United States",delegated 2011,"https://www.icann.org/en/announcements/details/icann-progress-in-process-for-introducing-new-sponsored-top-level-domains-19-3-2004-en"
