round,sector,string_strategy,applications,sector_total,sector_share_pct
2012,Finance & insurance,IDN,4,97,4.1
2012,Finance & insurance,brand/corporate,47,97,48.5
2012,Finance & insurance,generic/sector term,25,97,25.8
2012,Finance & insurance,other/unclear,21,97,21.6
2012,"Technology, software & infrastructure",IDN,3,161,1.9
2012,"Technology, software & infrastructure",brand/corporate,12,161,7.5
2012,"Technology, software & infrastructure",generic/sector term,73,161,45.3
2012,"Technology, software & infrastructure",other/unclear,73,161,45.3
2012,"Cybersecurity, identity & trust",generic/sector term,7,7,100.0
2012,"Media, social & communications",brand/corporate,4,110,3.6
2012,"Media, social & communications",generic/sector term,106,110,96.4
2012,Health & life sciences,brand/corporate,10,28,35.7
2012,Health & life sciences,generic/sector term,17,28,60.7
2012,Health & life sciences,other/unclear,1,28,3.6
2012,Automotive & mobility,brand/corporate,18,41,43.9
2012,Automotive & mobility,generic/sector term,14,41,34.1
2012,Automotive & mobility,other/unclear,9,41,22.0
2012,Retail & commerce,brand/corporate,1,44,2.3
2012,Retail & commerce,generic/sector term,43,44,97.7
2012,Travel & hospitality,brand/corporate,4,19,21.1
2012,Travel & hospitality,generic/sector term,15,19,78.9
2012,"Gaming, sports & entertainment",generic/sector term,55,57,96.5
2012,"Gaming, sports & entertainment",other/unclear,2,57,3.5
2012,"Energy, industrial & materials",generic/sector term,13,13,100.0
2012,Food & beverage,generic/sector term,18,18,100.0
2012,Professional & business services,generic/sector term,70,70,100.0
2012,Real estate & construction,generic/sector term,42,42,100.0
2012,Education & research,brand/corporate,3,12,25.0
2012,Education & research,generic/sector term,9,12,75.0
2012,"Public, geographic & civic",geographic/civic,53,53,100.0
2012,Consumer & lifestyle,brand/corporate,9,68,13.2
2012,Consumer & lifestyle,generic/sector term,58,68,85.3
2012,Consumer & lifestyle,other/unclear,1,68,1.5
2012,Telecom & connectivity,IDN,3,14,21.4
2012,Telecom & connectivity,brand/corporate,3,14,21.4
2012,Telecom & connectivity,generic/sector term,2,14,14.3
2012,Telecom & connectivity,other/unclear,6,14,42.9
2012,Registry & domain industry,generic/sector term,1,1,100.0
2012,Horizontal / cross-sector,IDN,15,201,7.5
2012,Horizontal / cross-sector,brand/corporate,36,201,17.9
2012,Horizontal / cross-sector,generic/sector term,25,201,12.4
2012,Horizontal / cross-sector,other/unclear,125,201,62.2
2012,Other / unclear,IDN,91,874,10.4
2012,Other / unclear,brand/corporate,287,874,32.8
2012,Other / unclear,other/unclear,496,874,56.8
2026,AI & automation,brand/corporate,14,73,19.2
2026,AI & automation,contested / application-level type unresolved,55,73,75.3
2026,AI & automation,generic/sector term,4,73,5.5
2026,Crypto & digital assets,brand/corporate,10,54,18.5
2026,Crypto & digital assets,community,4,54,7.4
2026,Crypto & digital assets,contested / application-level type unresolved,32,54,59.3
2026,Crypto & digital assets,generic/sector term,8,54,14.8
2026,Finance & insurance,brand/corporate,37,56,66.1
2026,Finance & insurance,contested / application-level type unresolved,14,56,25.0
2026,Finance & insurance,generic/sector term,4,56,7.1
2026,Finance & insurance,geographic,1,56,1.8
2026,"Technology, software & infrastructure",brand/corporate,42,120,35.0
2026,"Technology, software & infrastructure",contested / application-level type unresolved,64,120,53.3
2026,"Technology, software & infrastructure",generic/sector term,14,120,11.7
2026,"Cybersecurity, identity & trust",brand/corporate,5,37,13.5
2026,"Cybersecurity, identity & trust",contested / application-level type unresolved,26,37,70.3
2026,"Cybersecurity, identity & trust",generic/sector term,6,37,16.2
2026,"Media, social & communications",brand/corporate,27,55,49.1
2026,"Media, social & communications",contested / application-level type unresolved,20,55,36.4
2026,"Media, social & communications",generic/sector term,7,55,12.7
2026,"Media, social & communications",geographic,1,55,1.8
2026,Health & life sciences,brand/corporate,18,38,47.4
2026,Health & life sciences,contested / application-level type unresolved,19,38,50.0
2026,Health & life sciences,generic/sector term,1,38,2.6
2026,Automotive & mobility,brand/corporate,9,13,69.2
2026,Automotive & mobility,contested / application-level type unresolved,2,13,15.4
2026,Automotive & mobility,generic/sector term,2,13,15.4
2026,Retail & commerce,brand/corporate,8,42,19.0
2026,Retail & commerce,contested / application-level type unresolved,33,42,78.6
2026,Retail & commerce,generic/sector term,1,42,2.4
2026,Travel & hospitality,brand/corporate,6,31,19.4
2026,Travel & hospitality,contested / application-level type unresolved,25,31,80.6
2026,"Gaming, sports & entertainment",brand/corporate,10,25,40.0
2026,"Gaming, sports & entertainment",contested / application-level type unresolved,13,25,52.0
2026,"Gaming, sports & entertainment",generic/sector term,2,25,8.0
2026,"Energy, industrial & materials",brand/corporate,12,30,40.0
2026,"Energy, industrial & materials",contested / application-level type unresolved,14,30,46.7
2026,"Energy, industrial & materials",generic/sector term,4,30,13.3
2026,Food & beverage,brand/corporate,9,17,52.9
2026,Food & beverage,contested / application-level type unresolved,7,17,41.2
2026,Food & beverage,generic/sector term,1,17,5.9
2026,Professional & business services,brand/corporate,5,24,20.8
2026,Professional & business services,contested / application-level type unresolved,16,24,66.7
2026,Professional & business services,generic/sector term,3,24,12.5
2026,Real estate & construction,brand/corporate,1,7,14.3
2026,Real estate & construction,contested / application-level type unresolved,6,7,85.7
2026,Education & research,brand/corporate,1,30,3.3
2026,Education & research,contested / application-level type unresolved,29,30,96.7
2026,"Public, geographic & civic",generic/sector term,1,2,50.0
2026,"Public, geographic & civic",geographic,1,2,50.0
2026,Consumer & lifestyle,brand/corporate,17,27,63.0
2026,Consumer & lifestyle,contested / application-level type unresolved,10,27,37.0
2026,Telecom & connectivity,brand/corporate,4,11,36.4
2026,Telecom & connectivity,contested / application-level type unresolved,7,11,63.6
2026,Horizontal / cross-sector,brand/corporate,4,261,1.5
2026,Horizontal / cross-sector,community,1,261,0.4
2026,Horizontal / cross-sector,contested / application-level type unresolved,156,261,59.8
2026,Horizontal / cross-sector,generic/sector term,98,261,37.5
2026,Horizontal / cross-sector,geographic,2,261,0.8
2026,Other / unclear,brand/corporate,74,655,11.3
2026,Other / unclear,community,4,655,0.6
2026,Other / unclear,contested / unresolved,343,655,52.4
2026,Other / unclear,generic/horizontal or unclear,224,655,34.2
2026,Other / unclear,geographic,10,655,1.5
