round,sector,applications,share_of_all_pct,share_of_classified_economic_pct,high_confidence_applications,classified_economic_applications,total_applications_in_analysis,taxonomy_coverage_pct
2012,AI & automation,0,0.0,0.0,0,801,1930,41.5
2012,Crypto & digital assets,0,0.0,0.0,0,801,1930,41.5
2012,Finance & insurance,97,5.0,12.1,97,801,1930,41.5
2012,"Technology, software & infrastructure",161,8.3,20.1,161,801,1930,41.5
2012,"Cybersecurity, identity & trust",7,0.4,0.9,7,801,1930,41.5
2012,"Media, social & communications",110,5.7,13.7,110,801,1930,41.5
2012,Health & life sciences,28,1.5,3.5,28,801,1930,41.5
2012,Automotive & mobility,41,2.1,5.1,41,801,1930,41.5
2012,Retail & commerce,44,2.3,5.5,44,801,1930,41.5
2012,Travel & hospitality,19,1.0,2.4,19,801,1930,41.5
2012,"Gaming, sports & entertainment",57,3.0,7.1,57,801,1930,41.5
2012,"Energy, industrial & materials",13,0.7,1.6,13,801,1930,41.5
2012,Food & beverage,18,0.9,2.2,18,801,1930,41.5
2012,Professional & business services,70,3.6,8.7,70,801,1930,41.5
2012,Real estate & construction,42,2.2,5.2,42,801,1930,41.5
2012,Education & research,12,0.6,1.5,12,801,1930,41.5
2012,"Public, geographic & civic",53,2.7,,53,801,1930,41.5
2012,Consumer & lifestyle,68,3.5,8.5,68,801,1930,41.5
2012,Telecom & connectivity,14,0.7,1.7,14,801,1930,41.5
2012,Registry & domain industry,1,0.1,,1,801,1930,41.5
2012,Horizontal / cross-sector,201,10.4,,25,801,1930,41.5
2012,Other / unclear,874,45.3,,0,801,1930,41.5
2026,AI & automation,73,4.5,10.6,73,690,1608,42.9
2026,Crypto & digital assets,54,3.4,7.8,54,690,1608,42.9
2026,Finance & insurance,56,3.5,8.1,56,690,1608,42.9
2026,"Technology, software & infrastructure",120,7.5,17.4,120,690,1608,42.9
2026,"Cybersecurity, identity & trust",37,2.3,5.4,37,690,1608,42.9
2026,"Media, social & communications",55,3.4,8.0,55,690,1608,42.9
2026,Health & life sciences,38,2.4,5.5,38,690,1608,42.9
2026,Automotive & mobility,13,0.8,1.9,13,690,1608,42.9
2026,Retail & commerce,42,2.6,6.1,42,690,1608,42.9
2026,Travel & hospitality,31,1.9,4.5,31,690,1608,42.9
2026,"Gaming, sports & entertainment",25,1.6,3.6,25,690,1608,42.9
2026,"Energy, industrial & materials",30,1.9,4.3,30,690,1608,42.9
2026,Food & beverage,17,1.1,2.5,17,690,1608,42.9
2026,Professional & business services,24,1.5,3.5,24,690,1608,42.9
2026,Real estate & construction,7,0.4,1.0,7,690,1608,42.9
2026,Education & research,30,1.9,4.3,30,690,1608,42.9
2026,"Public, geographic & civic",2,0.1,,2,690,1608,42.9
2026,Consumer & lifestyle,27,1.7,3.9,27,690,1608,42.9
2026,Telecom & connectivity,11,0.7,1.6,11,690,1608,42.9
2026,Registry & domain industry,0,0.0,,0,690,1608,42.9
2026,Horizontal / cross-sector,261,16.2,,157,690,1608,42.9
2026,Other / unclear,655,40.7,,0,690,1608,42.9
