case_id,strings,period,model_keys,question_key,fact_key,reading_key,signals,sources
cat,.cat,2005–present,socialModelLanguage | socialModelInstitution,socialCatQuestion,socialCatFact,socialCatReading,socialSignalCommunity:socialCatCommunity | socialSignalEligibility:socialCatEligibility | socialSignalGovernance:socialCatGovernance,https://www.icann.org/en/registry-agreements/cat/cat-registry-agreement-appendix-s-17-7-2012-en | https://www.icann.org/en/registry-agreements/details/cat
gal,.gal,2013–present,socialModelLanguage | socialModelInstitution,socialGalQuestion,socialGalFact,socialGalReading,socialSignalOrganization:socialGalOrganization | socialSignalReinvestment:socialGalReinvestment | socialSignalMemory:socialGalMemory,https://dominio.gal/en/about-us/ | https://dominio.gal/en/help/ | https://dominio.gal/en/the-national-library-of-spain-and-the-library-of-galicia-collect-more-than-7000-gal-domains-in-2024/ | https://www.icann.org/en/registry-agreements/details/gal
gay,.gay,2020 policy framework,socialModelIdentity | socialModelSafety,socialGayQuestion,socialGayFact,socialGayReading,socialSignalPurpose:socialGayPurpose | socialSignalReinvestment:socialGayDonation | socialSignalProtection:socialGayProtection,https://portal.icann.org/servlet/servlet.FileDownload?file=00P4M00000r2w7hUAA | https://www.icann.org/en/registry-agreements/details/gay
coop,.coop,2001–present,socialModelInstitution | socialModelIdentity,socialCoopQuestion,socialCoopFact,socialCoopReading,socialSignalCommunity:socialCoopCommunity | socialSignalEligibility:socialCoopEligibility | socialSignalVerification:socialCoopVerification,https://www.icann.org/en/registry-agreements/coop/tld-sponsorship-agreement-attachment-1-coop-05-11-2001-en | https://identity.coop/policies/eligibility-policy/ | https://identity.coop/policies/verification-policy/
nyc,.nyc,2014–present,socialModelCivic | socialModelIdentity,socialNycQuestion,socialNycFact,socialNycReading,socialSignalNexus:socialNycNexus | socialSignalConnection:socialNycConnection | socialSignalOperator:socialNycOperator,https://www.ownit.nyc/policies/nyc-nexus-policy | https://www.icann.org/en/registry-agreements/details/nyc
kids,.kids,2012–present,socialModelSafety | socialModelInstitution,socialKidsQuestion,socialKidsFact,socialKidsReading,socialSignalCommunity:socialKidsCommunity | socialSignalProtection:socialKidsProtection | socialSignalDelegation:socialKidsDelegation,https://www.icann.org/en/registry-agreements/details/kids | https://gtldresult.icann.org/applicationstatus/applicationdetails/161 | https://dotkids.asia/wp-content/uploads/2014/06/DotKids-X-CPE-Guideline-Comparsion_01.pdf | https://www.iana.org/domains/root/db/kids.html
xxx,.xxx,2004–2024,socialModelSafety | socialModelIdentity,socialXxxQuestion,socialXxxFact,socialXxxReading,socialSignalSelfIdentification:socialXxxSelfIdentification | socialSignalPurpose:socialXxxPurpose | socialSignalEvolution:socialXxxEvolution,https://www.icann.org/en/about/agreements/registries/xxx/appendix-s-31mar11-en.htm | https://www.icann.org/en/board-activities-and-meetings/materials/approved-resolutions-regular-meeting-of-the-icann-board-10-11-2024-en
islamhalal,.islam | .halal,2012–2014,socialModelIdentity | socialModelInstitution,socialIslamQuestion,socialIslamFact,socialIslamReading,socialSignalRepresentation:socialIslamRepresentation | socialSignalGovernmentConcern:socialIslamGovernment | socialSignalOutcome:socialIslamOutcome,https://www.icann.org/en/announcements/details/ngpc-progress-on-addressing-gac-beijing-advice-on-new-gtlds-3-7-2013-en | https://www.icann.org/en/board-activities-and-meetings/materials/minutes-meeting-of-the-new-gtld-program-committee-22-03-2014-en
idn,.рф | .السعودية | .中国 | .भारत,2009–present,socialModelScript | socialModelLanguage,socialIdnQuestion,socialIdnFact,socialIdnReading,socialSignalScripts:socialIdnScripts | socialSignalAccess:socialIdnAccess | socialSignalProcess:socialIdnProcess,https://www.icann.org/en/resources/idn | https://www.icann.org/resources/pages/fast-track-2012-02-25-en | https://www.icann.org/en/announcements/details/idn-cctld-fast-track-process-launch-16-11-2009-en
