round,string,category,status,description_en,interpretation_en,description_it,interpretation_it,sources
2000,.kids,children,proposed,Multiple applicants proposed .kids in 2000; one application also paired it with .xxx.,"The early Web was already asking whether children needed a distinct, governed space rather than merely filtered content.",Nel 2000 più candidati proposero .kids; una candidatura lo abbinava addirittura a .xxx.,"Il primo web si chiedeva già se i bambini avessero bisogno di uno spazio distinto e governato, non soltanto di contenuti filtrati.",https://archive.icann.org/en/tlds/kids1/ | https://archive.icann.org/en/tlds/kids2/ | https://archive.icann.org/en/tlds/kids3/ | https://archive.icann.org/en/tlds/kids4/
2000,.health,health,evaluated,WHO proposed a dedicated .health namespace.,"Long before today’s arguments about online misinformation, public-health actors were already thinking about trust at the naming layer.",L’OMS propose un namespace dedicato .health.,"Molto prima delle discussioni odierne sulla disinformazione sanitaria, attori pubblici pensavano già alla fiducia a livello di naming.",https://archive.icann.org/en/tlds/health1/icann-index.htm
2000,.union,labour,evaluated,The International Confederation of Free Trade Unions applied for .union.,Industrial-era collective institutions were actively looking for a native place in the new digital public sphere.,La Confederazione internazionale dei sindacati liberi presentò .union.,Le istituzioni collettive dell’era industriale cercavano attivamente un luogo nativo nella nuova sfera pubblica digitale.,https://archive.icann.org/en/tlds/union1/
2000,.nyc,city,withdrawn,A .nyc application existed in 2000 and was later withdrawn.,The desire for city identity online appeared before ICANN had a mature framework for city TLDs.,Una candidatura .nyc esisteva già nel 2000 e fu poi ritirata.,Il desiderio di identità cittadina online emerge prima che ICANN disponga di un quadro maturo per i city-TLD.,https://archive.icann.org/en/tlds/tld-review-update-23oct00.htm
2000 → 2015,.sucks,protest,longitudinal,Name.Space proposed .sucks in 2000; a .sucks gTLD was eventually delegated in 2015.,A provocative idea moved from fringe proposal to production infrastructure. The boundary of what “belongs” in the root expanded dramatically.,Name.Space propose .sucks nel 2000; un vero gTLD .sucks venne poi delegato nel 2015.,Un’idea provocatoria passa dalla periferia del dibattito a infrastruttura reale. Il confine di ciò che “merita” la root si allarga enormemente.,https://archive.icann.org/en/tlds/ads1/ | https://www.iana.org/domains/root/db/sucks.html
2000,.war,socialMirror,proposed,.war appeared in the huge Name.Space bundle of proposed strings.,"The proposal treated the DNS almost as a taxonomy of human life, including its darkest categories.",.war compariva nell’enorme pacchetto di stringhe proposto da Name.Space.,"La proposta trattava quasi il DNS come una tassonomia dell’intera esperienza umana, comprese le categorie più oscure.",https://archive.icann.org/en/tlds/ads1/
2000,.soup,oddity,proposed,Yes: .soup was proposed.,The early expansion debate sometimes assumed that almost any semantic category could deserve a top-level namespace.,Sì: fu proposta anche .soup.,Nel dibattito iniziale sull’espansione sembrava plausibile che quasi ogni categoria semantica potesse meritare un dominio di primo livello.,https://archive.icann.org/en/tlds/ads1/
2000,.magic,optimism,proposed,.magic was proposed in 2000.,Early Internet naming still carried a distinctly utopian belief that broad concepts could become self-contained digital places.,.magic fu proposta nel 2000.,Il naming del primo Internet conservava una vena utopica: grandi concetti come luoghi digitali autonomi.,https://archive.icann.org/en/tlds/ads1/
2004,.mobi,techFossil,delegated,.mobi was proposed in the 2004 sponsored round and later delegated.,"Before responsive design and smartphones normalized one Web, mobile looked different enough to deserve its own namespace.",.mobi fu proposta nel round sponsored del 2004 e poi delegata.,"Prima che responsive design e smartphone rendessero naturale un unico web, il mobile sembrava abbastanza diverso da meritare un namespace proprio.",https://www.icann.org/en/announcements/details/icann-progress-in-process-for-introducing-new-sponsored-top-level-domains-19-3-2004-en
2004,.mail,trust,notDelegated,.mail was proposed as a sponsored namespace but was not delegated.,Spam and trust were already serious enough problems that some actors tried to solve them at the naming layer.,.mail fu proposta come namespace sponsored ma non venne delegata.,Spam e fiducia erano già problemi abbastanza seri da tentare una soluzione a livello del naming.,https://www.icann.org/en/announcements/details/icann-progress-in-process-for-introducing-new-sponsored-top-level-domains-19-3-2004-en
2004,.cat,culture,delegated,.cat was created for the Catalan linguistic and cultural community.,A TLD did not need to map neatly onto a sovereign state: culture and language could also become infrastructure.,.cat fu creato per la comunità linguistica e culturale catalana.,Un TLD non doveva coincidere con uno Stato: anche lingua e cultura potevano diventare infrastruttura.,https://www.iana.org/reports/2005/cat-report-18nov2005.html
2004,.post,publicInfrastructure,delegated,.post came from the Universal Postal Union.,One of the oldest global communications infrastructures tried to map itself into the architecture of the Internet.,.post nacque dall’Unione postale universale.,Una delle più antiche infrastrutture globali di comunicazione cercava di tradursi nell’architettura di Internet.,https://www.iana.org/reports/2012/post-report-20120802.html
2004,.xxx,adult,delegated,.xxx became one of the most contentious sponsored-TLD stories.,"Naming decisions are not merely technical; they can become proxies for wider political, cultural and regulatory conflicts.",.xxx divenne una delle storie più controverse dei sponsored TLD.,"Le scelte di naming non sono solo tecniche: possono diventare il terreno di conflitti culturali, politici e regolatori più ampi.",https://www.icann.org/en/announcements/details/icann-progress-in-process-for-introducing-new-sponsored-top-level-domains-19-3-2004-en
2012,.guru,personalBrand,delegated,.guru was delegated from the 2012 round.,The 2010s turned expertise itself into a marketable online identity.,.guru fu delegata dal round 2012.,Negli anni Dieci perfino l’expertise diventa un’identità online commercializzabile.,https://www.iana.org/domains/root/db/guru.html
2012,.ninja,personalBrand,delegated,.ninja was delegated from the 2012 round.,The playful job-title vocabulary of startup and developer culture reached the DNS root.,.ninja fu delegata dal round 2012.,Il vocabolario giocoso di startup e sviluppatori arrivò fino alla root DNS.,https://www.iana.org/domains/root/db/ninja.html
2012,.rich,statusCulture,delegated,.rich was delegated from the 2012 round.,Status and exclusivity became explicit identity categories that could be bought and signalled online.,.rich fu delegata dal round 2012.,Status ed esclusività diventano categorie identitarie esplicite da acquistare e segnalare online.,https://www.iana.org/domains/root/db/rich.html
2012,.dating,intimacy,delegated,.dating was delegated from the 2012 round.,"As platforms specialized, intimate life also became a commercial vertical in the namespace.",.dating fu delegata dal round 2012.,"Con la specializzazione delle piattaforme, anche la vita intima diventa una verticale commerciale nello spazio dei nomi.",https://www.iana.org/domains/root/db/dating.html
2012,.gop,politics,delegated,.gop was delegated to a US political organization.,"Political identity itself became a branded namespace, showing how far the 2012 round pushed specialization.",.gop fu delegata a un’organizzazione politica statunitense.,"Anche l’identità politica diventa namespace di marca, mostrando fino a che punto il 2012 spinge la specializzazione.",https://www.iana.org/domains/root/db/gop.html
2012,.lgbt,identity,delegated,.lgbt was delegated from the 2012 round.,Community and identity could be represented directly at the top level of the naming system.,.lgbt fu delegata dal round 2012.,Comunità e identità possono essere rappresentate direttamente al livello più alto del sistema dei nomi.,https://www.iana.org/domains/root/db/lgbt.html
2012,.bible,faith,delegated,.bible was delegated from the 2012 round.,"Faith communities joined brands, places and industries in claiming explicit space in the root.",.bible fu delegata dal round 2012.,"Le comunità di fede si affiancano a brand, luoghi e industrie nel rivendicare uno spazio esplicito nella root.",https://www.iana.org/domains/root/db/bible.html
2012,.beer,lifestyle,delegated,.beer was delegated from the 2012 round.,Products were no longer only things sold online; they became lifestyle categories with their own namespaces.,.beer fu delegata dal round 2012.,I prodotti non sono più soltanto cose vendute online: diventano categorie di lifestyle con namespace propri.,https://www.iana.org/domains/root/db/beer.html
2012,.pizza,lifestyle,delegated,.pizza was delegated from the 2012 round.,"Everyday consumption became part of the DNS vocabulary, from sectors and brands down to food culture.",.pizza fu delegata dal round 2012.,"Il consumo quotidiano entra nel vocabolario del DNS, dai settori e brand fino alla cultura alimentare.",https://www.iana.org/domains/root/db/pizza.html
2012,.wtf,oddity,delegated,.wtf was delegated from the 2012 round.,"Internet slang itself became infrastructure, perhaps the most concise proof that the namespace had become culturally mainstream.",.wtf fu delegata dal round 2012.,Lo slang di Internet diventa infrastruttura: forse la prova più sintetica che lo spazio dei nomi è ormai pienamente culturale.,https://www.iana.org/domains/root/db/wtf.html
2012,.fail,oddity,delegated,.fail was delegated from the 2012 round.,Even failure became a viable semantic category in the DNS root. The namespace had moved far beyond institutional labels.,.fail fu delegata dal round 2012.,Perfino il fallimento diventa una categoria semantica praticabile nella root DNS. Siamo molto lontani dai soli nomi istituzionali.,https://www.iana.org/domains/root/db/fail.html
